cube,condition,line,frame_count,area_mean_th10,area_std_th10,area_min_th10,area_max_th10,area_mean_th25,area_std_th25,area_min_th25,area_max_th25,area_mean_th50,area_std_th50,area_min_th50,area_max_th50,area_mean_th75,area_std_th75,area_min_th75,area_max_th75,area_mean_th100,area_std_th100,area_min_th100,area_max_th100,area_mean_th150,area_std_th150,area_min_th150,area_max_th150,spatter_mean,spatter_std,spatter_min,spatter_max
1,1,1,275,1011.709090909091,180.39881804967294,174.0,1587.0,503.07272727272726,84.49629460309424,106.0,773.0,297.75272727272727,46.7211918222262,78.0,489.0,209.5890909090909,36.18048531121953,57.0,326.0,157.24363636363637,29.18571732659262,43.0,256.0,93.34545454545454,23.419974522009415,22.0,184.0,619.1340121527724,116.35273400810051,339.35482295482285,893.2568986568987
1,1,2,275,973.5745454545455,171.98314105345202,258.0,1949.0,486.9381818181818,84.81311967745019,183.0,976.0,277.80727272727273,53.38766576839961,126.0,468.0,195.21454545454546,38.662753597001846,101.0,348.0,146.47636363636363,31.254416203656803,84.0,261.0,85.6,23.219740817596644,27.0,186.0,582.1487162374192,89.86794975048316,346.3785103785103,1425.4353658536584
1,1,3,275,916.0436363636363,161.7323206734301,176.0,1483.0,452.0690909090909,91.20087095422892,115.0,821.0,267.05454545454546,56.078587124537094,78.0,534.0,188.29090909090908,39.58111245038367,60.0,392.0,141.55636363636364,29.59753530055786,43.0,276.0,83.02181818181818,20.428310933684795,24.0,162.0,599.0868982089619,79.65085206099677,357.95282785873053,882.0582460732986
1,1,4,274,913.456204379562,184.23974755273088,304.0,1724.0,451.9379562043796,96.38066910353339,205.0,856.0,271.1788321167883,59.26133625964221,150.0,550.0,194.54744525547446,40.515739178873524,120.0,362.0,147.48540145985402,32.16939888836641,90.0,294.0,87.47445255474453,23.28154567948295,50.0,205.0,615.094945965065,91.76833430476992,363.2481074481075,962.1086881273797
1,1,5,275,1014.4,295.7123663906595,321.0,4655.0,483.40363636363634,100.05700550392872,208.0,990.0,280.80727272727273,55.43096559782662,147.0,505.0,197.68,39.94131331204457,114.0,369.0,148.49818181818182,31.536919149173205,95.0,284.0,85.96727272727273,22.790644448548733,51.0,181.0,664.0397488685337,135.4953711447593,392.48669108669117,2284.2898212898203
1,2,1,216,984.6851851851852,179.66579819147697,330.0,1537.0,507.337962962963,83.2115868641085,223.0,748.0,300.63425925925924,49.67030684280811,162.0,451.0,211.66666666666666,35.26040692187622,124.0,309.0,158.30555555555554,27.508065596103012,98.0,233.0,89.55092592592592,19.751633759760182,45.0,151.0,472.8685445089406,87.07443521236424,231.95824175824174,727.7384134205288
1,2,2,216,943.8472222222222,169.81833919108172,248.0,1459.0,499.49074074074076,88.6764296390274,163.0,761.0,296.6203703703704,54.42336058753266,113.0,465.0,206.33333333333334,38.7675886008651,87.0,318.0,153.6435185185185,30.79183024508692,63.0,255.0,86.56018518518519,22.56238446082991,37.0,163.0,457.6445995790782,68.18540622654167,248.1120089161326,740.76200505476
1,2,3,216,908.3981481481482,169.7834099459277,302.0,1491.0,457.3703703703704,73.09596591602138,203.0,676.0,271.77314814814815,41.65710358363928,139.0,430.0,192.99074074074073,30.111212188341128,106.0,301.0,143.56944444444446,23.326284484235934,81.0,214.0,79.63425925925925,15.36260890047914,47.0,135.0,465.5201002363935,73.57327461930215,259.95726495726495,684.7662337662338
1,2,4,217,888.7327188940092,193.90938662116528,288.0,2151.0,455.5990783410138,78.69383359676381,187.0,791.0,275.6958525345622,46.33736865587648,134.0,457.0,196.00921658986175,31.762655343995974,107.0,327.0,147.073732718894,24.901170579012113,84.0,256.0,81.59907834101382,15.987915917083843,48.0,155.0,465.7837569318688,74.27542011214008,263.5252747252747,946.645875251509
1,2,5,216,958.25,202.94236661344684,465.0,1862.0,485.94444444444446,87.21411851951382,245.0,760.0,288.2546296296296,48.08484955102082,172.0,441.0,203.47685185185185,32.129792066512216,133.0,310.0,150.28703703703704,23.890975719934087,99.0,243.0,82.07407407407408,14.463366049298294,51.0,137.0,504.24367244162687,93.44099275416228,277.5421245421246,783.2813733228098
1,3,1,378,873.5846560846561,175.10951819489384,165.0,1343.0,451.44973544973544,91.94375933625074,109.0,789.0,262.45767195767195,55.946824307870905,77.0,492.0,181.15343915343917,40.25491197242485,55.0,348.0,133.5,30.911056051894867,40.0,245.0,75.25132275132275,21.17170445851964,20.0,161.0,362.54682882887386,55.63401890596798,170.70036630036623,533.879235155988
1,3,2,378,863.5714285714286,178.8000758394174,169.0,1586.0,458.9920634920635,84.45087135406939,119.0,742.0,264.037037037037,50.63620328662431,81.0,449.0,183.1931216931217,35.12919850508305,61.0,299.0,135.65873015873015,28.10557271138808,52.0,245.0,76.43121693121694,20.537274902572648,27.0,166.0,402.5125217027273,90.33995341714702,169.50280830280823,681.6984957488554
1,3,3,378,830.3597883597884,176.70561916176138,182.0,1421.0,439.021164021164,86.27039795124524,116.0,728.0,257.79100529100526,53.87268180646974,73.0,473.0,178.3862433862434,35.091626417394956,59.0,321.0,131.56613756613757,26.595681640202447,42.0,206.0,74.5,18.849480365593905,22.0,142.0,403.27431285116705,78.70929665115263,176.5069597069597,664.4026610644256
1,3,4,377,813.5755968169761,151.05505254875084,354.0,1496.0,439.3633952254642,74.72278058667966,233.0,767.0,261.0875331564987,46.82645060088954,161.0,440.0,185.09283819628646,35.62893612349549,114.0,309.0,138.55702917771885,28.943236492388355,84.0,234.0,78.6631299734748,21.156246922297402,43.0,169.0,375.60716692898967,59.072277087763496,172.00104329681795,624.671435163821
1,3,5,378,839.4153439153439,195.3424871291235,193.0,1789.0,447.7936507936508,85.64587952297704,128.0,836.0,265.4470899470899,50.95068270642866,90.0,470.0,185.72222222222223,37.141436853865315,69.0,311.0,138.1031746031746,29.996603696220976,51.0,262.0,78.57407407407408,22.87835475304449,30.0,187.0,405.85118827712273,70.73927426400121,154.3122932043777,713.0142998027615
1,4,1,400,1909.1925,1638.7780952416192,198.0,13856.0,502.9075,165.05501792962855,120.0,1775.0,269.4825,74.14468756256242,80.0,508.0,181.9075,51.637572984697876,58.0,380.0,129.0975,36.81831057707564,45.0,273.0,65.9425,18.53049361862765,25.0,163.0,1094.535965134997,352.66187403179276,379.877495462795,2178.7510259917926
1,4,2,400,900.0075,927.0345826579234,188.0,8794.0,351.555,88.55649030421203,112.0,721.0,209.035,49.086645587165556,70.0,414.0,144.99,32.03802272300836,52.0,273.0,105.585,22.308580748223317,40.0,200.0,56.57,11.422132025151871,21.0,117.0,872.8943989989664,297.8382195966112,341.95506715506707,1770.924462521789
1,4,3,400,972.8425,833.2491390297082,175.0,7810.0,363.695,89.01590855010132,108.0,740.0,213.0425,46.04656006424367,73.0,404.0,147.38,31.30847489099397,59.0,284.0,106.7025,21.305726782956736,42.0,216.0,56.7525,10.413992690126108,23.0,114.0,887.5702401465669,256.416176882898,350.70661803022415,1916.0250536864708
1,4,4,400,685.1675,415.6026100059407,248.0,6169.0,324.9325,66.54297817012701,160.0,588.0,197.9475,35.63460037309244,112.0,347.0,139.46,23.569756044558456,81.0,250.0,102.895,16.65830048354273,66.0,193.0,55.92,9.424892572332059,38.0,104.0,736.500750617582,153.30861589449864,420.5039246467819,1484.5910672853831
1,4,5,400,956.6925,818.9126528169838,255.0,9482.0,371.26,85.45585058964659,165.0,806.0,216.88,40.55262753509321,106.0,387.0,150.09,26.29366653778054,80.0,261.0,109.0275,18.234219033180445,65.0,193.0,57.98,9.004698773418243,34.0,101.0,1001.0297203554123,214.16216359827237,358.10240811153363,1773.125468164794
1,5,1,274,824.1021897810219,230.62969290765514,185.0,2332.0,409.1678832116788,90.94749181688289,120.0,736.0,234.84671532846716,48.512906027723474,83.0,386.0,163.04744525547446,33.294329058983585,59.0,262.0,118.5036496350365,23.434525682834593,43.0,199.0,64.55109489051095,15.056073376433288,25.0,117.0,453.00751059289183,111.04737226624437,215.44542124542124,1107.287707997853
1,5,2,275,766.9381818181819,172.9552117440278,152.0,1480.0,381.96,75.48255812979698,99.0,602.0,214.86909090909091,41.15086599211281,69.0,377.0,148.7890909090909,27.216156115789172,49.0,245.0,108.95272727272727,19.377811627505164,41.0,181.0,59.2,11.883984639382993,22.0,111.0,451.8580619246438,82.67394435245605,202.38652766639936,751.5504246284501
1,5,3,275,724.6072727272727,163.33884006683826,218.0,1314.0,376.06545454545454,78.38058251698874,146.0,788.0,219.28,43.89075031981527,99.0,461.0,152.54909090909092,27.831446391886693,75.0,301.0,113.28,21.113153160142527,57.0,239.0,62.127272727272725,12.274814637303706,35.0,119.0,431.02313123118137,88.52285442548735,212.32747252747254,1129.387306753458
1,5,4,275,710.2254545454546,153.92279082021705,189.0,1284.0,369.3309090909091,73.5315612453153,124.0,678.0,215.17454545454547,39.597319551990886,85.0,396.0,149.23272727272726,26.310115956659953,63.0,248.0,109.97454545454545,18.963967921794293,49.0,186.0,59.96,11.390675612495112,27.0,110.0,429.46390346701565,73.00137654410139,204.9030780971763,798.6096551724139
1,5,5,274,720.3576642335767,154.45287175881253,248.0,1237.0,372.1094890510949,69.48923971022676,166.0,572.0,217.86861313868613,38.998749281507365,109.0,333.0,152.23357664233578,25.882881295210087,82.0,250.0,111.41605839416059,18.427265713882264,64.0,183.0,60.89051094890511,10.844069880065728,37.0,101.0,426.8012426639086,74.921125767395,214.85787545787548,772.7810133954573
1,6,1,378,823.4656084656085,221.86162838705502,189.0,1895.0,405.45767195767195,98.80186766907637,117.0,775.0,230.2962962962963,54.815873005658915,82.0,453.0,156.5978835978836,38.33163827538994,60.0,322.0,113.08730158730158,27.85307820931902,48.0,229.0,59.333333333333336,15.624394168149148,29.0,135.0,485.3301766778222,119.60143125188864,214.82490842490841,1013.6494505494503
1,6,2,380,924.4921052631579,370.66075061022616,244.0,4430.0,450.47105263157897,143.29677229974004,169.0,1538.0,247.81052631578947,63.25388188409627,118.0,552.0,166.5236842105263,41.20547954242651,90.0,382.0,119.79736842105264,30.197132896685,67.0,297.0,62.92631578947368,15.975304695397936,35.0,162.0,576.6554646267156,167.98695161459142,227.87086747668837,1677.355987055017
1,6,3,377,966.289124668435,343.7057354588332,305.0,2712.0,445.2148541114058,115.24670339787103,198.0,796.0,244.89389920424404,59.0908520472631,131.0,427.0,167.46419098143235,38.27589938436926,96.0,289.0,120.21750663129974,26.9887570882345,69.0,228.0,63.46153846153846,14.741602141809643,37.0,149.0,594.5873957196484,150.0991520547452,262.4313893653516,1186.156
1,6,4,377,1124.0636604774536,604.2821825600563,246.0,4366.0,475.52519893899205,155.25215231156767,166.0,1087.0,263.9363395225464,80.0229819799059,115.0,612.0,176.19098143236073,50.10255396045593,88.0,383.0,125.83819628647215,35.20388248623591,67.0,290.0,65.86472148541114,19.08824271818436,39.0,163.0,686.047137888631,201.4253551898695,252.33041958041963,1454.3129151291512
1,6,5,377,1019.3713527851459,618.0033349781039,297.0,6440.0,447.6551724137931,117.09069658415132,180.0,975.0,257.7267904509284,63.6440461774448,125.0,600.0,177.81962864721484,42.52880860858684,99.0,377.0,128.86206896551724,30.2773574732048,73.0,257.0,68.19893899204244,16.077075592811262,39.0,146.0,615.3791233576253,164.72637544469694,287.5773195876288,1288.5778491171748
1,7,1,400,782.4825,302.9370391578917,70.0,5785.0,397.7575,86.04710159993769,47.0,703.0,231.23,54.429698694738335,30.0,401.0,157.315,39.60808976711702,21.0,298.0,115.6675,32.30622144030465,17.0,247.0,67.045,23.823370353499524,8.0,168.0,578.6148203808883,178.62071834512716,189.05567765567767,1454.7386777719937
1,7,2,400,689.4475,195.09612308744119,90.0,1480.0,342.05,83.7998060856945,63.0,630.0,195.8775,47.221208092868615,39.0,428.0,138.4625,34.78941784149312,29.0,257.0,103.81,28.013013047510615,20.0,194.0,61.4325,20.833277316591357,11.0,138.0,526.6922294096721,168.3661709868991,193.46293245469522,1068.4151468315301
1,7,3,400,650.6,180.31618063834426,128.0,1525.0,334.21,69.15360366604187,92.0,622.0,199.67,46.02397310098293,64.0,344.0,140.3475,35.750618788351055,48.0,267.0,105.16,29.80342933288047,36.0,212.0,62.455,22.637534649338473,14.0,149.0,514.5472972987085,127.22363007238222,211.41562881562876,981.5501214013179
1,7,4,400,610.345,158.40442220784115,89.0,1697.0,304.0,60.99057304206938,62.0,507.0,181.4925,40.61163557097891,45.0,302.0,127.9025,31.372567535189084,33.0,232.0,95.79,26.260634036519377,29.0,185.0,57.1525,20.194906381313086,15.0,130.0,547.0221929767778,117.4404424936906,192.68717948717946,978.0522973477773
1,7,5,400,607.8925,120.74380292068824,103.0,1112.0,328.1825,59.35372097644763,67.0,528.0,197.4875,43.338837591126044,49.0,339.0,141.3775,34.09824033216377,39.0,268.0,108.355,27.564904770377858,30.0,214.0,67.84,20.76209045351648,18.0,142.0,453.3173240662379,82.18400575546389,209.8095238095238,659.855055523086
1,8,1,216,665.8472222222222,121.1123972599904,160.0,976.0,338.875,60.680463365561565,109.0,521.0,200.6898148148148,35.893761553844215,75.0,322.0,142.36574074074073,27.164971528698626,58.0,242.0,107.52314814814815,22.38301731588566,46.0,188.0,63.68055555555556,16.47851552068426,27.0,120.0,468.4022352675548,81.24192879643961,272.8105006105006,856.9119365609347
1,8,2,217,689.3778801843318,139.84304918272832,123.0,1131.0,333.94930875576034,57.41852341639775,83.0,522.0,193.40092165898616,32.66631460311406,55.0,278.0,134.20276497695852,23.51497986537918,38.0,194.0,99.86635944700461,18.71655227713393,29.0,154.0,56.79723502304147,13.546825829350393,15.0,94.0,484.0761948530332,62.97827583816913,281.35824175824166,686.546218487395
1,8,3,216,649.7546296296297,121.11622049690709,166.0,982.0,334.7546296296296,63.41383755444347,105.0,544.0,196.65277777777777,37.81992899677348,72.0,334.0,138.27314814814815,28.509167162710757,53.0,244.0,103.50462962962963,22.797619613635348,41.0,178.0,59.125,15.011049171267883,23.0,107.0,473.08200116906653,58.72701991362252,302.7558320373251,690.330469029717
1,8,4,217,670.2672811059908,131.80677272053939,141.0,1116.0,330.78801843317973,63.95016236555077,82.0,502.0,194.59907834101384,35.694306289024475,53.0,313.0,136.56221198156683,24.7309401673036,41.0,231.0,102.10138248847926,19.701431511915054,28.0,180.0,59.17972350230415,13.176573050034818,17.0,103.0,493.48099201147267,71.12333633123701,285.00219780219777,810.5333078101073
1,8,5,216,682.0370370370371,137.0010425701021,166.0,1360.0,337.4861111111111,67.79878858080498,108.0,589.0,198.25925925925927,37.78101384106454,76.0,306.0,139.3287037037037,26.939546694356117,56.0,227.0,103.60185185185185,21.281812707713605,43.0,175.0,59.023148148148145,14.606075007550807,26.0,106.0,535.3551699767376,96.8895442936464,288.22924320352683,1100.3121878121876
1,9,1,216,720.0972222222222,182.9062823973854,248.0,1284.0,366.99074074074076,89.56871925969286,168.0,667.0,210.6435185185185,49.07644975905817,113.0,419.0,143.64814814814815,32.30735348435767,84.0,322.0,103.80555555555556,23.72858033451133,63.0,240.0,54.90277777777778,12.659895546445616,34.0,118.0,658.1530344756342,140.99703773644364,374.0172551101673,1112.7745876603542
1,9,2,216,838.8611111111111,211.23306236430525,212.0,1599.0,384.00925925925924,95.09843782749053,135.0,726.0,213.96296296296296,49.61797126749875,94.0,442.0,144.4814814814815,32.39426717728556,70.0,295.0,104.80092592592592,24.262114176795194,55.0,227.0,55.75925925925926,12.693590078497603,29.0,127.0,713.6808622479095,160.07851609229962,352.0966759705658,1288.2760646108663
1,9,3,215,808.7302325581395,256.5379010348915,268.0,2040.0,381.2604651162791,95.10614422607568,168.0,918.0,216.30697674418604,47.78604153179596,116.0,371.0,147.9720930232558,31.77345920060864,82.0,267.0,106.62790697674419,21.415733464098306,65.0,191.0,56.63720930232558,11.008179268918983,35.0,117.0,702.2126777084862,166.91568048799596,375.0160231153139,1442.2923649906888
1,9,4,216,877.4351851851852,282.74487168772214,243.0,2879.0,409.9953703703704,103.37201326623506,166.0,902.0,229.62962962962962,51.452079933589225,113.0,439.0,157.08796296296296,31.918394840339534,88.0,270.0,113.77314814814815,22.755736380906495,64.0,190.0,60.388888888888886,12.07295211783374,37.0,115.0,767.1685575756939,195.30426072730688,377.97013820335627,1516.7975022301518
1,9,5,215,880.5023255813953,260.6812697782415,283.0,2664.0,415.9674418604651,105.36414756040283,190.0,847.0,234.6325581395349,55.311463637613066,133.0,440.0,161.41860465116278,36.22605548120607,101.0,313.0,116.27906976744185,25.35545038548806,74.0,251.0,61.70697674418604,13.417541370956142,38.0,128.0,788.3630403498274,164.2093950993736,383.5601441241684,1245.5107564191533
1,10,1,216,585.2592592592592,137.86862173355678,176.0,1029.0,294.2083333333333,67.47975090653053,108.0,474.0,169.8101851851852,41.80960026165977,71.0,282.0,114.97222222222223,28.600523931141584,52.0,210.0,82.84722222222223,21.457749003191147,39.0,167.0,42.13425925925926,10.939036978036903,20.0,81.0,491.8907931227345,100.76817533232014,282.17416994935274,795.5940420560745
1,10,2,216,643.5694444444445,164.33805152024024,176.0,1170.0,304.89814814814815,83.79786524006961,120.0,588.0,167.04166666666666,47.32563635580066,79.0,358.0,114.02314814814815,31.98573787059164,61.0,230.0,81.54629629629629,24.012297875162673,41.0,174.0,42.629629629629626,13.310113526377151,20.0,110.0,524.1386640745495,112.76391281502578,301.8447444551591,844.3157224697642
1,10,3,216,624.7453703703703,163.09209786489944,204.0,1179.0,298.125,78.4150762915832,134.0,693.0,165.38888888888889,40.56312714708541,91.0,309.0,112.03703703703704,29.227056822063176,64.0,242.0,80.64351851851852,21.785098428649647,44.0,172.0,42.78703703703704,12.67072371133546,20.0,100.0,563.8450662080047,130.29950053904653,277.19109513274344,1050.775951557093
1,10,4,216,654.0601851851852,170.05478716285154,183.0,1392.0,310.6759259259259,80.93777087227132,124.0,651.0,180.74074074074073,50.71103144841775,79.0,364.0,121.16666666666667,34.350588975488655,58.0,258.0,85.81018518518519,23.764782689139047,44.0,186.0,44.75925925925926,12.850904544017565,21.0,113.0,553.1817916955451,132.9135537606423,294.1434552051354,1276.4990875912404
1,10,5,216,653.1620370370371,163.76679061079994,182.0,1203.0,307.087962962963,68.91430967028518,122.0,575.0,173.7314814814815,39.60431759138499,85.0,344.0,118.63888888888889,27.123332286446438,62.0,210.0,84.7824074074074,19.985037591601444,45.0,169.0,45.18518518518518,11.500119281304215,25.0,97.0,548.1463469190209,136.90154470056495,310.39228834870084,1097.5024115755627
1,11,1,216,634.9722222222222,144.73426853255702,191.0,1099.0,322.287037037037,80.05351808563766,126.0,703.0,182.33796296296296,43.2299155198166,86.0,382.0,124.63425925925925,30.381227945696008,65.0,260.0,89.81944444444444,23.159467140024542,49.0,204.0,46.93055555555556,12.981104204112404,27.0,116.0,592.0754113419213,127.61891479446776,394.1518745218057,1363.462053571429
1,11,2,216,867.7222222222222,444.78737811272816,204.0,3492.0,366.4861111111111,110.05579305459821,131.0,757.0,201.63888888888889,62.229705651176744,89.0,472.0,135.94907407407408,39.949182987451486,65.0,331.0,97.60648148148148,29.552648478004,51.0,261.0,51.16203703703704,16.43355430092928,28.0,154.0,707.9610272202052,173.5428745434762,307.48042210497084,1482.3507972665147
1,11,3,216,735.3055555555555,208.88823692274144,219.0,1534.0,362.8425925925926,107.93007527484644,140.0,829.0,198.62962962962962,50.065807174267896,95.0,360.0,132.27777777777777,32.057481166888834,71.0,251.0,94.33333333333333,22.972406958816517,53.0,180.0,48.870370370370374,13.157586596637353,28.0,118.0,667.7154845830352,170.39870958796064,369.7602339181287,1420.9446407538278
1,11,4,217,795.1198156682028,247.8024975864938,227.0,2063.0,392.9078341013825,103.0881274073769,153.0,758.0,218.5483870967742,54.43813306405654,107.0,458.0,146.67741935483872,35.40115201299504,74.0,256.0,104.6589861751152,25.613645284859608,52.0,187.0,53.73271889400922,13.600030105661402,29.0,103.0,698.3146741638081,192.8896591556188,370.88182160331195,1709.417355371901
1,11,5,216,750.5,168.85258198927383,262.0,1431.0,369.14814814814815,84.2484547407267,171.0,847.0,207.5601851851852,49.7029704004939,123.0,388.0,141.4537037037037,37.19353395099826,83.0,287.0,101.91203703703704,27.628096332566802,60.0,222.0,52.7037037037037,13.720597694612058,30.0,106.0,676.0851153986245,152.4403004164604,384.90999601752293,1665.386392811297
1,12,1,216,588.6898148148148,151.61696709496866,213.0,1062.0,315.76851851851853,83.74925168062383,146.0,627.0,179.2962962962963,50.204537064274724,94.0,390.0,119.75462962962963,34.34317519202663,62.0,245.0,85.98148148148148,26.109095010161827,43.0,189.0,44.40277777777778,14.428617129993803,25.0,99.0,614.7537369013365,171.24253509095206,315.3580911374238,1353.8723076923072
1,12,2,216,639.125,194.36260529732297,208.0,1352.0,321.49074074074076,96.31040628463033,139.0,635.0,183.77777777777777,55.245467944393965,97.0,390.0,125.17592592592592,39.73134985348092,70.0,287.0,90.52314814814815,29.3377430602107,50.0,210.0,46.93981481481482,15.167310363720068,29.0,123.0,663.8806992765116,193.58253625648058,309.556373498644,1660.2448657187997
1,12,3,216,675.574074074074,191.76802651775145,221.0,1676.0,349.9166666666667,98.14974623087512,142.0,673.0,195.83333333333334,51.062053751620034,102.0,383.0,132.6064814814815,34.29296108843067,76.0,259.0,94.93981481481481,25.13889357820023,58.0,197.0,48.898148148148145,13.831284864938945,27.0,106.0,641.8875526652708,166.61288613812928,313.969252770826,1498.3793626707131
1,12,4,216,725.9166666666666,236.54253884911523,236.0,2087.0,349.8796296296296,106.8817031766284,155.0,873.0,193.71296296296296,52.45934067975106,104.0,391.0,132.03240740740742,35.61462799942915,74.0,295.0,94.7824074074074,26.312999634400203,58.0,226.0,49.851851851851855,14.769096122456121,29.0,123.0,716.8455815288343,227.67395563177408,385.362843436546,1973.7113821138216
1,12,5,216,666.8518518518518,167.01437700449705,246.0,1200.0,345.5138888888889,89.55584741991315,165.0,679.0,201.44907407407408,52.17755654062452,112.0,370.0,136.72685185185185,34.811854373244444,81.0,260.0,100.13425925925925,26.50987817999113,58.0,208.0,52.717592592592595,15.373403733478728,33.0,128.0,662.4610526217097,180.70108082098827,393.3612334801762,1353.7824143070045
2,1,1,400,1203.525,311.97688916809204,171.0,2823.0,615.0875,120.206883512343,111.0,987.0,365.0825,79.91383293116405,76.0,675.0,255.0,60.86817723572803,56.0,493.0,185.93,48.014998698323424,41.0,403.0,105.3525,36.264007552254895,20.0,271.0,823.1246739424279,204.40416234758464,380.93323255228023,1865.2779805352802
2,1,2,400,1099.3025,214.0953899404422,116.0,1773.0,564.2425,94.56674200663784,71.0,920.0,331.885,55.59826233795441,49.0,456.0,235.1925,42.477528691650605,35.0,362.0,178.86,35.77248104339424,31.0,303.0,111.105,28.11350164956333,17.0,201.0,740.599556318201,118.05452018396208,407.9815352149829,1181.2524363407738
2,1,3,400,1057.8325,257.882782371662,159.0,2101.0,525.2775,99.23935959965684,112.0,985.0,307.335,55.85273292328676,79.0,484.0,216.4075,41.79086555397004,65.0,353.0,162.0,33.21799211270904,45.0,267.0,96.6875,25.455350002504385,27.0,169.0,803.6833362714134,169.51854159384763,361.9036528560922,1745.7095454545456
2,1,4,400,1149.6775,338.0108999629302,227.0,2916.0,560.52,108.90077869326738,162.0,1013.0,314.32,55.06598405549473,121.0,487.0,216.5425,43.02195013885354,91.0,356.0,160.9675,34.37559372214537,76.0,255.0,97.8325,27.601348585712255,36.0,182.0,869.9353504203449,236.6601229711945,374.54774114774114,1717.8142905291543
2,2,1,216,857.9861111111111,202.41668334400612,243.0,1387.0,451.77777777777777,105.97766477941833,149.0,840.0,258.86574074074076,60.26465959974822,109.0,456.0,179.37962962962962,41.57338838830734,81.0,322.0,128.7685185185185,30.18679699173179,60.0,231.0,68.18981481481481,17.249156929558072,32.0,140.0,499.95860532687743,113.18232327932259,241.50489943269721,864.4813302217038
2,2,2,216,875.6712962962963,610.1547225682956,307.0,6497.0,437.712962962963,184.8830987471055,210.0,2175.0,250.1898148148148,80.88215071120086,141.0,874.0,171.40740740740742,50.69928355053672,100.0,601.0,125.08333333333333,35.70574831820449,74.0,429.0,66.88425925925925,17.263227145824743,38.0,158.0,605.9990715985195,285.06837448535407,267.7109721136304,2810.090476190476
2,2,3,216,1044.888888888889,311.6180839536011,252.0,2349.0,492.24074074074076,131.77649219700606,162.0,1109.0,271.31018518518516,63.66042063575501,113.0,623.0,184.75,41.41247463694431,81.0,406.0,134.13888888888889,30.224149754708765,59.0,316.0,70.45370370370371,14.648273984569764,35.0,120.0,618.271734922486,163.77651289243815,283.64420024420014,1170.3241252302025
2,2,4,217,931.8709677419355,280.0423304662717,250.0,1888.0,467.6359447004608,122.3025303842617,164.0,958.0,273.10138248847926,67.68372400942917,112.0,647.0,188.36405529953916,44.18562852202448,83.0,365.0,137.87557603686636,32.666139725655,64.0,277.0,73.17972350230414,17.402525213155613,37.0,147.0,598.0770586457536,132.89534438578235,283.77739083846774,1101.0552147239264
2,2,5,216,985.5324074074074,326.488782159029,288.0,2560.0,483.24074074074076,130.46355176903643,204.0,999.0,274.8796296296296,65.45407176772073,141.0,532.0,189.24537037037038,42.02975111235528,106.0,312.0,137.53240740740742,30.05825926030889,81.0,240.0,73.18518518518519,15.82757096788652,46.0,136.0,684.2475597740957,258.73834092617295,311.7050039297878,2344.588235294118
2,3,1,377,1586.8726790450928,878.4663750641153,342.0,12004.0,700.5729442970822,196.383524540527,225.0,2215.0,391.8912466843501,102.72673106920423,157.0,844.0,263.84084880636607,69.32222939197565,120.0,600.0,189.19893899204243,48.646946564145686,89.0,490.0,98.27320954907162,24.437917846879618,50.0,315.0,935.7121932082435,248.1745400232115,429.82588522588514,2485.4
2,3,2,377,1251.0689655172414,371.5926801111567,369.0,3374.0,646.3766578249337,140.52448661508066,248.0,1253.0,370.7453580901857,76.57346041021901,162.0,755.0,252.0424403183024,50.00942407088498,129.0,521.0,181.6498673740053,36.605930093627535,96.0,398.0,95.82493368700266,19.524346878111512,52.0,187.0,889.1777896590488,206.20123969613815,457.5458579881656,1776.0000000000002
2,3,3,378,1178.2513227513227,402.2622309456113,317.0,3618.0,588.2513227513227,140.02449827547304,217.0,1144.0,342.3862433862434,71.83350105798577,150.0,639.0,236.54761904761904,45.77792156484034,122.0,446.0,172.4100529100529,30.04676433639981,93.0,302.0,91.27513227513228,14.268901531247218,53.0,157.0,925.3803768666481,227.72331362142015,428.3301447776629,2123.0891304347833
2,3,4,377,1274.8992042440318,453.822357917485,476.0,3668.0,630.7665782493368,153.05555811444412,278.0,1224.0,365.053050397878,74.65458814086962,195.0,617.0,246.47214854111405,43.41576061050959,153.0,428.0,178.11405835543766,29.390993382630242,117.0,332.0,94.37135278514589,14.794436782400128,60.0,199.0,970.4601573406159,270.36225152582415,402.13015873015877,2361.5375323554786
2,3,5,377,1244.9681697612732,457.0350752347061,397.0,5227.0,618.8806366047745,135.32418712024057,268.0,1064.0,366.42970822281166,77.00653434790848,190.0,636.0,251.87267904509284,49.431727925634604,144.0,428.0,183.14854111405836,34.995478362628674,109.0,336.0,97.76657824933687,19.367413557836514,64.0,210.0,962.0544807801338,200.77451784604568,454.83307291666654,1677.0802700675167
2,4,1,376,804.5398936170212,318.0060358452827,171.0,2095.0,378.4255319148936,133.88054292410544,116.0,1005.0,199.23936170212767,73.77431906011783,71.0,463.0,126.38829787234043,48.21862083236208,53.0,340.0,85.76595744680851,33.50799381662845,37.0,246.0,40.465425531914896,16.83473727369221,13.0,155.0,1103.433842154297,371.1405428309326,504.17297802711545,2484.4399999999996
2,4,2,386,875.8367875647668,359.52179204820936,207.0,2184.0,385.5984455958549,151.3700365886804,121.0,1068.0,187.77202072538861,71.93080904382386,80.0,465.0,119.96373056994818,47.768100555103025,51.0,309.0,81.43264248704664,33.03345567050769,33.0,234.0,38.6839378238342,16.054750916180236,16.0,120.0,1083.5564194279043,375.0563872524215,450.42385516506937,2481.7252066115707
2,4,3,376,936.5558510638298,406.0064026691183,187.0,2398.0,429.93617021276594,184.41006044639585,120.0,1136.0,212.4840425531915,80.52028131350946,75.0,630.0,133.74202127659575,53.763023559854034,52.0,454.0,91.71808510638297,37.047630247715986,36.0,318.0,43.545212765957444,18.68931536994557,17.0,152.0,1072.3707664716508,392.83533492988704,494.3129032258064,3058.9801488833746
2,4,4,375,846.072,373.8829872424437,245.0,2819.0,409.78933333333333,176.92840252360716,133.0,1119.0,215.32266666666666,92.5653636782619,67.0,704.0,140.848,59.954657000103005,43.0,497.0,98.56,39.23115768535684,28.0,247.0,46.63733333333333,17.48131782472045,13.0,151.0,1136.9563525409574,435.71655136996054,449.6372053872054,3564.954999999999
2,4,5,375,1082.0373333333334,534.0812109965633,230.0,4399.0,471.2,202.34293003051363,149.0,1226.0,236.63733333333334,102.65892625366563,90.0,601.0,148.18933333333334,63.95660106318625,54.0,428.0,100.50133333333333,42.210575273133735,38.0,315.0,47.984,18.007398775688472,21.0,133.0,1152.7576886494521,455.9947681079305,483.1165008291873,4095.011594202899
2,5,1,217,423.963133640553,31.973470070309528,164.0,530.0,265.2672811059908,19.371519035699617,105.0,340.0,183.2995391705069,11.924016340405345,70.0,222.0,141.63133640552996,8.760117761250633,55.0,169.0,112.38709677419355,6.8926875935678495,44.0,141.0,70.3225806451613,4.984501026494798,23.0,91.0,441.18241739818615,39.043456626362556,328.0220207253886,648.057976366322
2,5,2,216,431.84722222222223,28.42436017825573,216.0,514.0,270.18981481481484,15.953813196890016,146.0,323.0,186.64814814814815,9.496407522316215,106.0,220.0,143.83333333333334,6.958873897831886,80.0,164.0,114.14351851851852,5.446945680806545,68.0,130.0,70.93518518518519,3.738620135994295,42.0,81.0,464.6539398993073,40.380117327634416,343.1177083333334,554.252686421361
2,5,3,217,438.5852534562212,31.469001118360477,181.0,536.0,273.2672811059908,17.866181746845125,123.0,332.0,187.82027649769586,11.211414275719093,86.0,230.0,144.23963133640552,8.235457555862316,68.0,178.0,114.06912442396313,6.566204191328087,51.0,142.0,70.37327188940093,4.47356030799876,32.0,87.0,473.52430004657856,37.49078253383891,352.57019438444934,825.6379477250725
2,5,4,216,446.7083333333333,29.050293633372885,249.0,537.0,277.52314814814815,16.483701863543892,165.0,334.0,189.44444444444446,10.135044933421318,118.0,220.0,144.53703703703704,7.676233072530657,91.0,166.0,113.875,6.053628006165975,77.0,128.0,69.25,4.058883718097507,49.0,82.0,493.1277465199178,40.941763003890344,342.74418604651163,554.1451707891637
2,5,5,217,453.2534562211982,60.44089392589629,212.0,1176.0,279.29953917050693,20.93126010438027,142.0,371.0,190.73271889400922,13.068147805931087,100.0,227.0,145.23502304147465,9.747270402477211,78.0,171.0,114.15207373271889,7.661617054118824,63.0,136.0,69.15207373271889,5.2407397228339585,35.0,81.0,489.9719110021695,59.975192820231,341.3357314148682,1234.2599715099711
2,6,1,274,808.948905109489,236.7005814790573,294.0,2013.0,423.6934306569343,108.10680458564875,195.0,862.0,242.35401459854015,67.9637800860946,128.0,608.0,168.24087591240877,48.61393052992674,91.0,440.0,120.96715328467154,34.247739782610175,66.0,245.0,62.93795620437956,18.66042547839085,34.0,141.0,711.5256445011576,207.74035639718292,327.05177453027153,1674.1
2,6,2,272,961.9558823529412,362.415646730118,303.0,3875.0,473.75367647058823,146.29784908961673,201.0,1113.0,259.4632352941176,80.33673689797978,137.0,604.0,173.29779411764707,51.603511005311056,95.0,426.0,122.80514705882354,34.58985914774338,66.0,262.0,62.56617647058823,17.36532303771376,31.0,138.0,856.966305607345,268.35669125770835,388.34965986394565,1997.456766917293
2,6,3,273,1050.857142857143,338.45729208601153,303.0,2198.0,519.2454212454212,161.38351651303157,205.0,1035.0,283.5128205128205,78.84802940084397,144.0,587.0,190.16483516483515,52.06060086765967,106.0,366.0,135.96703296703296,37.39085230710394,82.0,272.0,68.51648351648352,21.038964011613373,23.0,169.0,838.2043464374972,228.2226353363975,361.0511182108627,1615.519593613933
2,6,4,273,1129.5860805860807,471.57389123850464,284.0,3659.0,571.0439560439561,226.25080472629213,217.0,1686.0,312.2600732600733,121.5653479701385,146.0,867.0,200.25641025641025,68.90493667173965,82.0,584.0,137.62271062271063,41.36906788009502,58.0,347.0,68.96336996336996,18.6598267524351,23.0,144.0,921.0640841293762,425.1868948346206,355.5774922118379,4329.1176470588225
2,6,5,273,975.1465201465202,311.26610254002077,353.0,2074.0,481.9120879120879,141.78183067502,247.0,1001.0,277.5201465201465,83.88838169334724,152.0,626.0,188.1904761904762,54.00604006506593,107.0,375.0,134.86813186813185,36.48951140119074,72.0,291.0,70.66666666666667,20.089786250717342,35.0,175.0,917.207462084273,335.0772828412288,384.56011981172435,2699.487309644671
2,7,1,400,1503.8775,693.3060597555383,325.0,3939.0,664.9825,272.88833282819184,202.0,1603.0,330.3625,139.73067341765014,123.0,938.0,201.14,85.07070823732455,84.0,672.0,137.7825,57.5669192657554,62.0,488.0,66.7275,24.96043356494434,27.0,193.0,2900.0688891684945,1040.247584567822,867.3968363136178,6718.950819672131
2,7,2,400,1513.0425,619.6510152446698,428.0,3483.0,745.9925,332.8690920523412,252.0,1848.0,352.3275,149.0479125776339,141.0,850.0,217.965,90.66561517466255,96.0,567.0,145.5475,54.75963608124144,70.0,364.0,70.8025,24.012569494954096,26.0,162.0,2602.006994865743,1140.7772053863102,747.6459119496857,6520.876543209879
2,7,3,400,1824.06,824.0785863010881,523.0,5380.0,799.635,345.825833007021,294.0,2364.0,403.83,180.07289107469788,161.0,1181.0,247.955,108.04852139201165,96.0,725.0,162.17,64.65196130048956,66.0,423.0,74.8375,29.628130108901576,35.0,223.0,2959.9384949146315,1230.0688954690572,1070.325621251071,6817.442708333335
2,7,4,400,1635.9275,796.9289568360219,380.0,5255.0,792.2975,418.6301517972039,253.0,2523.0,384.04,172.7075661342027,151.0,956.0,242.19,108.5696499948305,104.0,655.0,167.0675,74.72033152864086,75.0,486.0,83.9025,33.16599152369789,44.0,227.0,3003.149358870381,1330.3689885418266,1046.1734213006598,9209.561538461541
2,7,5,400,1587.605,619.317292649737,452.0,3525.0,732.0625,280.3237121503459,266.0,1641.0,363.34,153.2363351167079,155.0,1095.0,234.085,99.4600561783473,104.0,750.0,162.78,60.98509326056655,77.0,390.0,80.055,28.563385216041887,43.0,245.0,2702.95709241171,974.2331413954033,973.5128630705394,7031.102739726027
2,8,1,274,915.7919708029198,237.42495658317955,224.0,1712.0,460.40875912408757,106.4517679579815,146.0,803.0,257.8649635036496,59.378963675601895,100.0,504.0,174.6934306569343,39.665216158520124,72.0,345.0,126.38321167883211,29.071191422214138,53.0,241.0,66.45985401459853,15.771412092604349,31.0,134.0,615.556672727714,143.63179076484755,299.55140415140414,1076.994584837545
2,8,2,274,847.8357664233577,186.9126968373501,336.0,2345.0,437.8211678832117,96.69917679482403,195.0,866.0,248.47445255474452,57.82500409989487,131.0,460.0,170.27372262773721,39.26070781472038,98.0,336.0,123.14963503649635,28.334090333894316,68.0,262.0,64.41605839416059,15.297842191126804,29.0,162.0,584.1235853610456,119.98248911705618,313.1335676625659,1012.2078609221468
2,8,3,274,869.92700729927,210.07437456112567,261.0,1563.0,435.03284671532845,98.0734996309014,175.0,847.0,250.04014598540147,52.85638711047936,120.0,411.0,172.36131386861314,36.91127801890742,87.0,319.0,125.14598540145985,26.791446544943962,67.0,261.0,66.77007299270073,14.500505226352963,31.0,159.0,621.0550868573398,130.5694562712408,336.87914823008856,1154.7657534246573
2,8,4,274,981.0547445255474,363.7746865169183,336.0,3570.0,478.86861313868616,119.85501079806836,218.0,1119.0,272.9270072992701,61.4589810434387,150.0,703.0,185.06934306569343,39.690852909428976,115.0,454.0,134.42700729927006,29.505847505691882,88.0,327.0,71.39781021897811,15.379106915273995,46.0,123.0,696.5730797281477,185.71074362077306,340.2658602150537,1537.6377551020407
2,8,5,274,924.4379562043796,270.74867440250455,310.0,1835.0,459.34671532846716,120.49202751049754,199.0,972.0,266.22627737226276,64.97422203057002,140.0,617.0,182.71532846715328,40.36212883223841,105.0,339.0,132.67883211678833,28.24900600449312,85.0,265.0,70.55474452554745,14.656863422052108,45.0,150.0,674.8028241952474,132.50510630200168,341.6149456521739,1200.1478129713423
2,9,1,379,1027.3218997361478,209.66697257430752,165.0,2007.0,514.730870712401,117.38728438432233,107.0,822.0,294.754617414248,69.82088239575016,74.0,506.0,205.6490765171504,50.370037770006974,55.0,376.0,152.24538258575197,40.017877911729826,40.0,286.0,87.17150395778364,27.647224151422655,24.0,198.0,625.9669258378789,101.88219804982111,327.77167277167274,1531.2273972602738
2,9,2,382,1021.4816753926701,297.04593300266447,179.0,3781.0,526.1256544502618,131.25778928356345,116.0,1036.0,297.87696335078533,82.51506632660167,78.0,608.0,201.00523560209425,53.6042310378007,57.0,375.0,147.0523560209424,41.29421168315161,44.0,286.0,82.82722513089006,28.87727221216167,22.0,194.0,643.6190042330188,161.34546833820983,319.641514041514,1812.0707142857143
2,9,3,381,989.3963254593176,246.5842407941352,180.0,2561.0,497.61417322834643,107.27488525497793,112.0,843.0,288.61942257217845,65.25881877982445,79.0,497.0,199.4304461942257,46.60583042908513,53.0,369.0,148.25721784776903,37.30250857603819,42.0,299.0,83.96062992125984,25.15215688422483,22.0,200.0,687.6283160372625,150.5096201900699,331.4334554334555,1801.815671641791
2,9,4,378,943.7539682539683,219.71298087672116,180.0,2107.0,485.8862433862434,105.11646486833997,121.0,847.0,284.35449735449737,59.42098255334129,80.0,454.0,199.6137566137566,42.75473328373111,58.0,340.0,149.36772486772486,33.93886061586538,44.0,265.0,86.04497354497354,24.506571597315006,26.0,184.0,612.722822668771,102.52187607943713,319.04175824175826,1050.5061728395062
2,9,5,377,952.7453580901857,198.0031183902056,252.0,1692.0,495.62334217506634,97.07874397655719,171.0,960.0,289.37665782493366,57.52131457302742,122.0,497.0,202.6657824933687,41.85055794747574,90.0,357.0,150.80636604774537,32.27685544069029,71.0,254.0,85.11671087533156,22.029571680787473,41.0,156.0,631.4278580267551,103.10802840483336,328.607509454349,968.9736511919698
2,10,1,217,840.9585253456221,185.31050821517988,230.0,1418.0,441.778801843318,109.4341832897616,145.0,837.0,258.778801843318,64.29838931583359,102.0,504.0,177.02764976958525,40.98115977724885,77.0,326.0,127.64516129032258,29.326359811826205,60.0,234.0,67.02764976958525,16.00228009407209,33.0,131.0,494.6883845857917,120.53671517516695,230.4449328449328,924.4176882661997
2,10,2,216,955.3611111111111,247.72916656933194,299.0,1691.0,482.7175925925926,111.02747768733556,191.0,796.0,270.1666666666667,62.49355522327438,139.0,507.0,185.3101851851852,45.79747170729538,105.0,390.0,135.24537037037038,34.52857078983652,82.0,282.0,70.7175925925926,17.573097751243516,41.0,142.0,554.8153736495351,148.10511524951454,254.10433467741936,1222.444236176195
2,10,3,217,961.1336405529954,300.3129790169067,252.0,2137.0,462.4516129032258,124.57581005683082,166.0,935.0,260.53917050691246,57.82852122087376,110.0,448.0,180.073732718894,39.396765889657814,85.0,323.0,130.55299539170508,27.812211003251427,64.0,239.0,69.49769585253456,13.9542122949973,37.0,122.0,589.9661013002618,162.7333436387481,256.6025104602511,1392.0699844479004
2,10,4,216,1045.263888888889,313.9148117982935,323.0,2744.0,510.61574074074076,147.88254076577192,209.0,1112.0,288.3287037037037,78.76040971871817,136.0,578.0,195.77777777777777,47.913663351934055,103.0,357.0,142.50462962962962,34.26935755825338,76.0,252.0,75.66666666666667,18.01619641692811,41.0,141.0,599.48749841178,148.98700761307612,273.35097323600974,1197.1036121673005
2,10,5,217,975.2718894009216,292.3005441387399,300.0,1993.0,476.9953917050691,132.9328681861691,207.0,990.0,272.6359447004608,61.01885481932924,136.0,449.0,189.72811059907835,39.79932140109638,111.0,317.0,138.27649769585253,28.045503688377345,87.0,239.0,74.61290322580645,15.68049125049959,48.0,141.0,608.5602569958849,163.642004196367,251.62293682413213,1172.1929026387625
2,11,1,274,993.0,199.54744418747094,254.0,1667.0,491.985401459854,92.09535564515821,173.0,803.0,287.3649635036496,54.85619899395474,118.0,491.0,200.82846715328466,40.16166863537156,91.0,378.0,150.43795620437956,32.23813340530025,72.0,318.0,87.78102189781022,23.98531038540448,39.0,223.0,601.5884545469675,88.28734930354352,368.1001221001221,964.3668341708542
2,11,2,275,923.6654545454545,170.8551669670509,189.0,1475.0,467.5345454545455,84.99900366941597,126.0,734.0,273.45454545454544,55.93665839202513,87.0,474.0,190.71636363636364,40.66116647987527,66.0,313.0,141.81454545454545,31.818779007382748,50.0,249.0,80.04363636363637,23.01679042182715,27.0,169.0,577.732772655072,95.04939517260594,365.56703296703296,1047.5075396825396
2,11,3,274,979.6313868613139,211.51259017653322,303.0,1791.0,476.2956204379562,102.61562918523771,202.0,809.0,276.4379562043796,58.1743366944351,143.0,482.0,194.21532846715328,41.40067242747216,112.0,339.0,144.26277372262774,30.50362430853255,87.0,271.0,81.05109489051095,19.769777556680573,50.0,174.0,651.5190074871489,148.1277983997287,322.49328449328436,1328.330451866405
2,11,4,274,957.0839416058394,221.35888445582987,265.0,2007.0,479.04379562043795,104.29925142764444,173.0,822.0,277.2043795620438,61.73189485293081,121.0,576.0,194.18613138686132,44.02071125436755,91.0,440.0,143.45255474452554,31.318465624830957,71.0,265.0,79.52554744525547,20.78955390833586,42.0,167.0,635.631086703263,94.67766316142202,386.19023199023195,960.8751691474968
2,11,5,275,891.1454545454545,177.64348548112957,220.0,1446.0,458.7672727272727,93.71781833984488,142.0,729.0,270.48,51.65045595152089,96.0,456.0,190.88,35.72516505464766,65.0,289.0,142.31636363636363,27.957596226729855,52.0,230.0,79.29454545454546,18.858819187770607,29.0,149.0,623.5114118014669,89.02493312507758,359.61172161172146,895.5299557700041
2,12,1,273,942.3553113553113,302.6204633135569,286.0,3352.0,477.5567765567766,124.6683126073502,187.0,910.0,272.1831501831502,79.01469336373916,129.0,610.0,183.6959706959707,53.27046771915426,96.0,455.0,131.64468864468864,39.614374439913796,75.0,354.0,69.5934065934066,21.327197045471465,36.0,185.0,974.539216686141,296.51490530583175,508.16192771084343,2705.2184873949586
2,12,2,273,1237.3882783882784,736.7083330064971,269.0,6457.0,527.7032967032967,187.81805714537765,172.0,1439.0,281.1941391941392,89.7492785817468,117.0,727.0,185.63003663003664,55.57971649213986,84.0,436.0,134.0952380952381,38.808797943727704,64.0,308.0,70.3992673992674,19.982178859943392,32.0,183.0,1106.8174709025461,406.4362311688795,420.7229386479093,3438.4812362030902
2,12,3,273,1280.047619047619,532.6966175761912,344.0,4626.0,589.4688644688645,191.38506134119083,222.0,1283.0,307.97069597069594,100.30261475100862,151.0,824.0,203.08058608058607,60.707435897778474,113.0,450.0,145.62271062271063,42.85755173406284,84.0,310.0,75.14285714285714,21.37913711833681,48.0,176.0,1132.4736833856311,305.25249077470994,560.57091882248,2508.3357142857135
2,12,4,274,1228.0547445255474,556.0629335373217,276.0,4392.0,540.0802919708029,169.35474616776995,190.0,1418.0,292.48175182481754,82.76173718244837,121.0,678.0,196.75547445255475,51.30667124094087,92.0,407.0,141.32846715328466,36.020900155539486,73.0,275.0,75.22262773722628,20.103329762692344,45.0,165.0,1173.0479576823232,344.4170343781902,466.43819723337793,2293.8041431261768
2,12,5,274,1189.441605839416,507.06678163993024,298.0,3620.0,535.8686131386861,152.3348605697066,197.0,1034.0,299.1861313868613,87.52483500109062,137.0,608.0,203.6058394160584,58.817031356402644,95.0,443.0,148.13503649635035,43.294948528256285,80.0,310.0,77.74087591240875,22.42787321711527,41.0,174.0,1124.446109519932,316.9080950929994,449.9346756152125,2027.9043209876545
3,1,1,400,1173.8525,195.74183442419763,222.0,1827.0,656.155,94.5350515681882,161.0,968.0,403.9225,55.82335079292536,119.0,612.0,288.3925,41.67887287043641,92.0,436.0,218.47,33.93860780880677,76.0,322.0,132.51,29.11348313067332,48.0,213.0,544.1946144332057,82.21053631234263,293.78705738705736,829.1475409836069
3,1,2,400,1026.635,168.61450641922838,208.0,1410.0,583.58,96.9155745997515,143.0,895.0,364.2725,61.70784588486297,98.0,538.0,264.265,46.17515322118596,73.0,396.0,203.655,37.45051368139028,54.0,309.0,125.805,29.23297752539074,30.0,200.0,486.77826242004795,55.58481118014125,299.77411477411476,713.1277029783762
3,1,3,400,973.6775,198.138016275903,236.0,1737.0,544.83,95.85888639036028,164.0,895.0,339.9375,55.99284412985288,118.0,556.0,247.67,39.55939964155169,87.0,388.0,189.96,31.732450267825207,71.0,320.0,115.86,26.10326416370183,41.0,229.0,491.94726247315344,62.61571718034255,291.07716727716723,704.3853820598007
3,1,4,400,963.1125,152.42772006347795,222.0,1418.0,547.335,85.05323494729639,137.0,854.0,342.2475,52.15406258145189,97.0,544.0,248.0875,38.630102818268554,76.0,376.0,190.06,30.710200259848516,62.0,277.0,115.71,24.73218348629979,28.0,174.0,493.0147228207334,69.59458744842163,317.09728331177223,862.90794649882
3,1,5,400,1044.2575,191.8342153885745,247.0,1563.0,578.58,88.99164904641334,150.0,828.0,356.195,52.739330437539685,102.0,492.0,258.055,39.23929121429183,76.0,359.0,198.41,32.752051844121155,58.0,287.0,121.1075,26.582436753428006,32.0,195.0,521.1939458470667,60.36688937771058,325.492232004143,775.1495502248878
3,2,1,272,565.3455882352941,175.03154668081268,162.0,1316.0,299.20588235294116,92.80685332571863,112.0,666.0,166.1139705882353,52.85083987422433,69.0,338.0,113.43014705882354,39.83240038670289,51.0,262.0,81.32352941176471,30.272507997924933,37.0,213.0,41.3639705882353,16.34136834933191,20.0,142.0,1129.235625152154,390.21474368737466,552.5644444444445,2801.8604651162796
3,2,2,271,750.6236162361623,260.82763256069717,202.0,1957.0,367.6088560885609,136.48376271976582,127.0,1022.0,188.0479704797048,66.08644613715975,80.0,467.0,121.4870848708487,43.994452216380246,47.0,346.0,83.86346863468634,29.114606746029622,39.0,229.0,41.752767527675275,14.801570105250422,18.0,139.0,1174.1747184287503,395.580603998627,569.3258358662612,3099.8470948012227
3,2,3,273,716.7435897435897,258.2612475434867,214.0,1794.0,360.8901098901099,123.81231665575756,143.0,991.0,198.4835164835165,66.66300839296592,97.0,464.0,132.5164835164835,44.88169943764274,63.0,329.0,93.91941391941391,32.67198658405726,49.0,232.0,47.937728937728934,17.653558762097184,26.0,134.0,1125.7571186278965,359.3279613482836,540.0111731843576,2854.9999999999995
3,2,4,272,811.2683823529412,315.8953976170253,210.0,1778.0,399.2242647058824,137.62282375066428,144.0,882.0,215.40441176470588,71.70280561789411,95.0,549.0,141.58823529411765,47.928327401173185,68.0,394.0,100.0845588235294,34.12547430973212,49.0,256.0,50.794117647058826,19.053569083237097,26.0,155.0,1201.320683937768,384.2726748307897,501.61089494163417,2800.6815789473685
3,2,5,273,909.1062271062272,383.11000304101645,236.0,2752.0,415.61538461538464,161.25913229538844,162.0,1324.0,220.28205128205127,73.00878772063628,103.0,471.0,145.71062271062272,50.8460341736435,73.0,337.0,103.28937728937728,35.98463953914801,52.0,213.0,52.553113553113555,18.927805762029777,26.0,134.0,1291.7529278539173,411.41852763670187,583.6620926243567,2641.482185273159
3,3,1,400,1108.6125,326.41440278233745,291.0,2455.0,578.58,140.2614116569486,198.0,1008.0,338.1725,84.31522842138305,137.0,686.0,226.825,52.844104448840845,104.0,458.0,163.5225,38.03576598085018,81.0,340.0,85.4225,20.85435191392914,47.0,202.0,736.3913340945321,234.82307694211082,279.9650793650793,1523.8183783783782
3,3,2,400,973.2225,273.91416172543904,309.0,1962.0,531.505,121.9431833888225,193.0,934.0,314.8525,65.33762885007383,125.0,597.0,218.695,44.81196240960666,97.0,408.0,158.885,30.981474706669466,75.0,300.0,83.8625,16.168135135197257,45.0,181.0,638.5140225396683,145.04874200229585,310.2598692810458,1100.1065121412807
3,3,3,400,806.345,214.46905598477372,264.0,1820.0,450.6875,103.9119571740904,184.0,925.0,277.5875,57.34812415197205,123.0,493.0,197.7175,39.80223227094179,98.0,353.0,145.97,28.699374557644983,79.0,261.0,78.92,15.081564905539478,47.0,141.0,590.9150794441507,121.12585576800656,331.79584859584855,1034.0583554376658
3,3,4,400,833.8325,206.27320340691372,319.0,1689.0,464.59,88.3405733510939,217.0,901.0,284.63,45.34300497320397,155.0,478.0,200.885,30.074437234967505,116.0,348.0,148.57,21.63654547287991,89.0,263.0,80.93,12.273349176162144,55.0,159.0,572.5189868716171,111.95619413252452,316.8203262233375,989.2234185733513
3,3,5,400,846.885,219.14873208622495,336.0,1729.0,477.365,98.81185037737123,231.0,893.0,288.95,49.48820566559269,167.0,466.0,203.015,30.978214522467237,128.0,333.0,149.6625,21.566724223905677,100.0,244.0,80.7975,10.940360768731532,56.0,136.0,608.5346761669589,139.03240440797242,322.90573870573866,983.1405622489958
3,4,1,400,1049.795,224.85166882858573,207.0,2250.0,567.585,97.49078302588403,140.0,930.0,333.465,54.867283284303404,96.0,516.0,229.41,38.41870507968742,72.0,349.0,168.49,30.1004136184206,56.0,265.0,96.17,23.21424347248904,33.0,163.0,617.8127389281676,104.7376424304503,358.1291819291818,1063.9572093023257
3,4,2,400,919.165,199.5156704998382,230.0,1598.0,501.5775,93.14794143592225,156.0,821.0,305.9575,55.41940719414094,111.0,516.0,217.6425,38.31644155907487,82.0,370.0,163.53,28.853493722597964,66.0,263.0,94.9675,19.976522313706155,37.0,170.0,628.1893561616293,127.85077210411367,356.51184371184377,1107.3937984496124
3,4,3,400,911.225,214.01062911687353,244.0,2288.0,491.4575,84.65472930527862,154.0,792.0,297.2275,51.44881673809418,116.0,459.0,210.315,37.40408767768571,91.0,342.0,157.405,30.09087860133034,70.0,269.0,90.3925,22.77857422557435,45.0,176.0,586.8296688097016,110.53319665472816,379.7670329670329,1045.806782334385
3,4,4,400,891.6575,191.62953893841626,212.0,2221.0,488.8775,81.93267049077554,145.0,791.0,295.9525,45.750084631069264,100.0,466.0,210.5725,31.788594554493912,77.0,308.0,159.3,24.995299558116923,61.0,231.0,94.6525,19.182068286553463,33.0,149.0,592.1199127110976,93.01313483020736,381.50397614314113,1080.5585480093678
3,4,5,400,979.5225,209.01065641193992,283.0,1913.0,516.2,86.17424209124209,181.0,799.0,304.2225,48.51059671607844,128.0,471.0,212.765,33.54056909177302,100.0,353.0,159.5325,26.646555945375006,77.0,258.0,93.08,20.076194858588117,44.0,156.0,645.3247222751203,104.09463246166442,389.70549450549447,1048.5419479267116
3,5,1,378,1138.2539682539682,327.17254164746544,321.0,2292.0,584.1190476190476,163.26964779516265,219.0,1353.0,334.5820105820106,89.34781269876055,153.0,752.0,228.52910052910053,55.16996776902626,116.0,437.0,165.62433862433863,39.0768695736198,86.0,336.0,88.21164021164022,21.993569814441713,51.0,184.0,609.017900810606,159.85017085109385,266.4554334554335,1412.8577449947315
3,5,2,377,1040.15649867374,271.2402781769562,283.0,2042.0,566.9151193633952,142.11953055452585,180.0,1031.0,328.43766578249335,81.03496290237051,124.0,671.0,223.6816976127321,55.42131382207865,93.0,506.0,160.0583554376658,36.06539581114073,79.0,321.0,84.41909814323607,18.268102282130126,47.0,178.0,666.1964576149418,165.0120195987521,307.2266666666666,1207.7895174708817
3,5,3,378,1197.5185185185185,586.8187446520893,301.0,4839.0,602.7433862433862,214.14791226923995,214.0,1778.0,336.7883597883598,92.27026481628509,147.0,628.0,230.42328042328043,61.72674626167848,117.0,477.0,165.9973544973545,42.4036722651794,91.0,361.0,85.91005291005291,20.282980967511097,52.0,212.0,693.2771479685983,241.1610333217578,274.9586067642604,1769.3715909090904
3,5,4,378,1214.3915343915344,437.60282556698206,338.0,3174.0,619.4074074074074,202.12415155924097,228.0,1743.0,347.06349206349205,105.35458490901317,159.0,882.0,235.82539682539684,70.25856396217982,122.0,663.0,169.86243386243387,48.84525956974844,97.0,513.0,89.17460317460318,22.22042509740073,57.0,261.0,712.7226075921669,212.5687002541367,262.238435982622,1566.2826321467094
3,5,5,377,1172.7453580901856,395.63724762618335,306.0,3587.0,597.6286472148541,153.97367933302007,219.0,1324.0,343.43766578249335,80.6056448837448,150.0,693.0,235.52254641909815,53.73601991668691,121.0,484.0,170.25198938992042,36.45647312044667,98.0,350.0,89.84615384615384,18.057018218902137,60.0,179.0,690.9187338436521,178.46190052925718,273.952380952381,1397.6424815983178
3,6,1,377,1309.3607427055704,426.8131581696097,379.0,3525.0,681.6127320954907,182.55402498845447,260.0,1371.0,391.3183023872679,111.90870904913452,194.0,867.0,265.49336870026525,71.85441059582641,144.0,634.0,191.80636604774537,49.744569428131015,117.0,482.0,100.77984084880637,22.266455292084675,65.0,224.0,911.1685136047261,254.02594054149066,453.6802325581395,2427.7852760736196
3,6,2,376,1375.1063829787233,427.5752072227739,427.0,3696.0,709.6648936170212,188.62269397512986,288.0,1499.0,400.40425531914894,106.58847280585151,200.0,936.0,273.71276595744683,71.03799138495579,155.0,694.0,198.82978723404256,49.82151938240896,124.0,543.0,106.05851063829788,22.21406450003216,66.0,265.0,984.5333056926454,287.2501101117991,473.5039727582293,2200.934285714286
3,6,3,376,1379.1090425531916,442.84469844349366,418.0,3236.0,712.1968085106383,195.34256214547582,297.0,1645.0,406.45212765957444,101.44156606273535,216.0,935.0,274.9255319148936,60.76839347879506,168.0,643.0,197.95744680851064,39.16717168959311,126.0,412.0,106.13829787234043,18.83401803653787,67.0,231.0,945.3139463250949,260.1202165365506,479.07683352735734,2091.6253164556965
3,6,4,376,1686.4308510638298,521.2503538498918,395.0,3362.0,840.3218085106383,243.16265056700595,295.0,2032.0,475.75,142.64004410000393,218.0,1202.0,319.95478723404256,93.52480373276707,172.0,944.0,227.54255319148936,63.57717121628008,139.0,766.0,116.55319148936171,27.79067539212687,62.0,314.0,1059.2553242895092,271.272938176966,593.6776902887141,2920.864779874213
3,6,5,376,1491.473404255319,504.05810554017626,504.0,3663.0,783.8563829787234,258.8685705545571,333.0,1966.0,454.9308510638298,151.68653113926405,237.0,1220.0,310.88031914893617,97.91735027565097,179.0,709.0,222.9654255319149,61.213885369685244,142.0,549.0,117.80053191489361,25.933222341114153,70.0,276.0,1019.4062157568499,252.03527203140712,476.4356435643565,2102.0040899795495
3,7,1,378,853.4708994708994,204.69348733248407,197.0,1518.0,443.55026455026456,99.49365916587713,122.0,845.0,258.01851851851853,55.29801106219682,84.0,533.0,177.8148148148148,38.7039720504102,58.0,377.0,129.04232804232805,27.61447183810835,48.0,257.0,68.16137566137566,14.888399312430861,26.0,143.0,453.0615295483535,103.69427238809912,215.64029304029302,886.9171062547099
3,7,2,376,900.6436170212766,292.39539975807264,262.0,3675.0,490.1994680851064,144.50097584789404,172.0,1479.0,281.4148936170213,81.61431867155864,123.0,780.0,190.36170212765958,54.594754845838715,95.0,544.0,136.62234042553192,39.404759012336065,73.0,425.0,71.48404255319149,21.05728662073954,36.0,243.0,514.1022091679317,140.30941182247602,239.09304029304025,1348.4412878787882
3,7,3,377,926.1007957559682,269.54739631238,259.0,2102.0,473.48275862068965,134.13206740540596,174.0,1076.0,268.9973474801061,68.49800084882108,113.0,491.0,182.3209549071618,44.71857666958335,87.0,341.0,130.77453580901857,30.460560034620556,63.0,234.0,68.89389920424404,15.995337182649736,39.0,138.0,494.6020133402367,118.34648393809982,254.0214896214896,996.9544383346428
3,7,4,378,963.5502645502645,272.70012575095393,224.0,2120.0,487.14021164021165,120.97699253018456,145.0,881.0,274.5079365079365,61.641532333649955,103.0,508.0,185.46825396825398,38.91545982451562,76.0,364.0,133.4100529100529,27.362520314960364,58.0,274.0,70.44973544973546,14.646228993824211,31.0,148.0,513.3637435871334,133.90409774702908,252.89963369963365,972.9246575342463
3,7,5,377,1116.0185676392573,381.72558390276373,245.0,2979.0,545.9840848806366,158.56018198682705,170.0,1183.0,296.54641909814325,79.11344702665748,122.0,663.0,198.48275862068965,51.73694271211218,90.0,457.0,141.43766578249335,34.43630129007496,68.0,287.0,73.48010610079575,17.573498614949855,40.0,187.0,593.3333555770884,193.68780867616806,234.66344142259413,1464.6067125645445
3,8,1,217,568.447004608295,154.87386930742525,224.0,1233.0,293.0552995391705,74.05252017186373,130.0,619.0,162.25345622119815,43.19493164007718,74.0,315.0,108.31336405529954,31.739484723707314,44.0,242.0,77.26267281105991,24.1716240357218,32.0,191.0,39.64976958525346,13.535306704935751,16.0,97.0,1251.2536321936632,340.8951463578918,665.6568019093077,3159.6112311015117
3,8,2,215,666.8139534883721,174.80977778703146,207.0,1244.0,333.87441860465117,85.00669219352812,132.0,582.0,181.32093023255814,45.95279963705699,79.0,315.0,120.95348837209302,32.398789446500956,56.0,243.0,84.45116279069768,24.61019236851593,44.0,195.0,42.42790697674418,13.716164722291035,23.0,124.0,1238.8713127854762,315.8328959889062,671.7202797202797,2367.0078125
3,8,3,216,704.0648148148148,231.87328009337776,201.0,1609.0,343.462962962963,104.92187798600317,128.0,751.0,189.5185185185185,62.3977654932126,85.0,445.0,126.64814814814815,43.17091673946941,64.0,340.0,90.53703703703704,32.17153846985168,48.0,260.0,44.74074074074074,14.450022664579414,23.0,106.0,1309.4789918665047,396.95372333653006,607.8993288590605,3088.7817371937635
3,8,4,215,785.6883720930233,266.61764383537457,236.0,1866.0,389.86511627906975,112.88667065261953,154.0,998.0,213.14883720930231,64.7335590048826,97.0,497.0,142.353488372093,45.037613989617306,73.0,364.0,101.36744186046512,31.45376615103236,52.0,241.0,52.074418604651164,17.360850008973422,26.0,161.0,1398.5585642751555,382.86642818615877,714.1615695326025,2877.554455445544
3,8,5,215,730.4046511627907,230.8106018619055,238.0,2068.0,370.9488372093023,100.75326614151425,147.0,828.0,206.04651162790697,53.87166208873969,91.0,424.0,139.05116279069767,37.53921591091185,65.0,254.0,98.57209302325582,28.236100310339115,53.0,200.0,51.08837209302325,15.399988059529132,24.0,106.0,1386.6431579483701,341.6194000221004,737.9483173076922,2775.640625
3,9,1,274,765.4817518248175,193.66017728367453,230.0,1352.0,387.3795620437956,103.9296948908259,147.0,892.0,225.97445255474452,62.713367798362675,103.0,495.0,155.62043795620437,46.18585611329169,76.0,390.0,111.91240875912409,35.36771888959414,58.0,306.0,58.5985401459854,17.929081646078416,31.0,142.0,621.1025622016404,142.70211636888817,296.87496947496953,1101.3942470389175
3,9,2,274,841.6861313868613,232.15578874027196,220.0,1785.0,428.1459854014599,104.97827652556104,145.0,786.0,238.17883211678833,58.668692369350445,98.0,457.0,162.08759124087592,40.7415701643095,77.0,319.0,116.7007299270073,30.220567502896657,61.0,231.0,61.003649635036496,16.90710949996089,35.0,139.0,647.9791592574193,169.94766213881516,325.43711843711844,1585.5991820040906
3,9,3,274,908.3321167883212,281.4296840610487,236.0,1906.0,443.1569343065693,130.59985485042426,152.0,1023.0,245.20437956204378,67.49399959121875,104.0,586.0,166.93795620437956,43.96796881770053,80.0,356.0,120.55474452554745,31.921189381100383,61.0,285.0,62.339416058394164,16.37398621217602,35.0,169.0,691.5939761045415,188.19025763876192,318.72328915336766,1594.9560185185185
3,9,4,275,962.0109090909091,316.25500049096013,243.0,2767.0,471.20363636363635,160.57617389619324,165.0,1272.0,260.40727272727275,81.82492141938944,112.0,621.0,174.2,53.538227633923576,88.0,433.0,124.08363636363636,36.56630721224795,69.0,328.0,64.9309090909091,18.027623982274566,38.0,161.0,714.9486271709767,192.14997293969876,363.77349397590353,1769.995934959349
3,9,5,273,997.6227106227107,397.6305468546398,296.0,4338.0,472.83516483516485,156.8126385167956,198.0,1076.0,256.3626373626374,73.14592517427813,139.0,596.0,170.018315018315,44.57298038398397,107.0,393.0,121.3076923076923,31.43643821726802,80.0,301.0,63.395604395604394,15.050497992962597,39.0,131.0,809.2602332682893,300.9719318224376,337.56385836385834,2563.099056603774
3,10,1,400,849.5475,254.13751738724056,231.0,2083.0,411.1125,109.96713074255416,139.0,843.0,232.19,65.55801934164882,84.0,467.0,156.8225,47.95165266964216,62.0,375.0,111.1975,34.65109657355738,46.0,299.0,55.9125,16.06377426852108,25.0,125.0,751.8874070314132,219.81640656149335,397.9168356997973,1835.4170918367345
3,10,2,400,864.8475,271.00321814279255,193.0,2128.0,444.9525,127.12214694438573,118.0,864.0,251.315,71.11333050139052,89.0,484.0,169.165,47.5853210034355,66.0,350.0,120.14,33.88451563767734,50.0,258.0,62.5925,19.277874461413013,27.0,150.0,725.0512775391627,200.736436342891,412.68571428571425,1854.5259515570929
3,10,3,400,1165.7925,606.442993564729,202.0,3982.0,538.685,201.44326937130467,119.0,1486.0,291.51,105.77613105044067,76.0,905.0,192.645,69.80769280673871,61.0,634.0,136.95,49.187066389448354,42.0,422.0,70.165,25.296793769171618,24.0,214.0,793.2905862547218,217.1553122748791,379.0370024875621,1774.5920084121979
3,10,4,400,946.5575,300.66968036992023,230.0,2098.0,458.3525,134.02301385862802,158.0,1035.0,259.28,80.3590791385765,108.0,614.0,177.4725,57.26979346697524,84.0,379.0,127.1475,43.11752246766969,64.0,315.0,65.975,25.84432964888043,37.0,203.0,803.3799935573486,176.1044670199429,406.2559875583204,1448.799620132953
3,10,5,400,1071.62,483.40772190770804,227.0,3244.0,512.095,188.1338512203479,142.0,1129.0,291.67,107.93526346843277,100.0,733.0,196.8425,74.76581902012443,75.0,507.0,139.05,53.84814295776596,53.0,387.0,69.0225,25.91576728075015,32.0,221.0,871.0046224275543,258.0393883866387,371.51880597014923,1714.8401544401538
3,11,1,378,1236.468253968254,267.0238982183106,230.0,1989.0,641.1507936507936,157.82185058012132,162.0,1088.0,365.25396825396825,95.9337516543327,115.0,714.0,245.74338624338625,64.23333186023196,92.0,460.0,176.75661375661375,47.04184809434297,70.0,353.0,95.23544973544973,28.20569030423611,41.0,192.0,625.5332281576094,109.95033428923509,302.27448107448106,1442.5901639344265
3,11,2,378,1038.6666666666667,182.94303331680447,265.0,1739.0,582.8095238095239,101.42164444637596,173.0,999.0,354.8042328042328,71.68673608298481,120.0,665.0,247.1984126984127,57.76979765664752,89.0,489.0,180.65873015873015,45.74593329687698,71.0,305.0,100.37830687830687,33.412243982213916,43.0,215.0,483.7084543654781,62.018993891529604,341.98241758241767,1056.1562499999998
3,11,3,378,1051.4232804232804,217.15911238753606,270.0,1763.0,538.957671957672,124.7839754791422,195.0,917.0,316.2566137566138,77.46588442604278,139.0,592.0,222.61640211640213,58.09136614779917,105.0,429.0,166.8968253968254,47.23152969499614,86.0,346.0,96.69047619047619,34.35939778540012,45.0,233.0,503.5260577005697,63.251783058968115,324.06691086691075,865.93896484375
3,11,4,378,1018.6693121693122,170.96561788093678,264.0,2000.0,540.9444444444445,109.4398657490384,191.0,1026.0,323.3888888888889,72.37932546556432,141.0,586.0,227.33333333333334,56.11514994108145,104.0,386.0,169.43915343915344,45.63610089724406,84.0,317.0,96.5,32.984303626335446,46.0,229.0,490.84086739862147,77.70766649737561,321.1623931623932,1303.7850589777202
3,11,5,378,1073.547619047619,199.77887010085803,241.0,1762.0,543.4338624338625,120.0183500802318,170.0,868.0,312.84391534391534,74.7043518668403,119.0,552.0,216.84920634920636,56.7358215922804,91.0,443.0,159.47883597883597,46.01702959124664,72.0,360.0,89.84920634920636,34.347600855886625,42.0,254.0,531.6388180525383,79.57621741312906,325.81939362258225,1021.0066225165561
3,12,1,400,1503.015,764.3947767842217,221.0,4607.0,678.3725,241.11608976538665,144.0,1816.0,404.165,152.5483620856022,94.0,846.0,273.97,115.17531897068922,69.0,612.0,195.2,89.8638414491613,51.0,487.0,100.9125,52.978720669246066,27.0,261.0,619.2299287956243,192.41182869551494,235.45862286797217,1213.0033812341508
3,12,2,400,1062.2375,429.7645647255599,231.0,5081.0,522.095,168.80456443769523,156.0,1592.0,277.29,75.17686412720339,112.0,596.0,184.015,50.0116963819465,82.0,350.0,130.1875,34.82782427528312,59.0,256.0,65.81,17.87229420080142,31.0,164.0,571.2928887107579,180.02049946609043,215.4700689655173,1418.5985221674875
3,12,3,400,1452.42,728.9707597702394,240.0,5535.0,632.5475,230.39446118288086,162.0,1511.0,343.3475,123.06720417621422,114.0,815.0,224.7625,80.55880519068043,85.0,514.0,156.505,54.91975942226987,68.0,359.0,77.255,24.202685284901754,38.0,183.0,715.0363226459988,209.9554539002426,205.56516413522786,1317.7985480943737
3,12,4,400,1204.295,575.6093709930373,248.0,5292.0,563.7925,197.65708801798633,158.0,1688.0,304.2275,80.57267367879757,112.0,689.0,204.525,54.78972873632429,82.0,413.0,147.7925,41.91258097218543,66.0,326.0,75.945,22.026506191404938,35.0,193.0,628.4832002229402,235.60131228733897,235.57785234899325,1696.0461538461536
3,12,5,400,1674.31,1029.3366013603131,238.0,8282.0,642.6725,203.87594326881728,159.0,1410.0,353.97,112.62943265416905,102.0,790.0,232.295,75.69665101574837,77.0,525.0,161.8125,52.93332923357457,62.0,383.0,79.99,25.623229694946733,38.0,207.0,825.858533704014,319.8842082222306,221.2087315939034,2008.4153992395436
4,1,1,387,594.7545219638243,96.23340058998521,116.0,860.0,321.71317829457365,66.50354389715149,37.0,505.0,191.72868217054264,46.74391479217323,26.0,335.0,136.11627906976744,34.77665049636623,21.0,246.0,103.59173126614986,28.126122994062584,16.0,199.0,61.45994832041344,20.33721714077226,12.0,133.0,357.3935596180426,65.53392385812735,241.30088265835926,782.3495934959349
4,1,2,381,549.4120734908137,107.34131673977019,121.0,949.0,302.0498687664042,63.222642304658365,86.0,531.0,181.0288713910761,38.875353756555974,51.0,304.0,130.30971128608923,29.556452238817766,36.0,242.0,99.64041994750656,24.907373684626783,17.0,193.0,59.59317585301837,19.098579893697657,13.0,127.0,358.5172814763007,58.04777627195679,232.54407814407813,838.495746326373
4,1,3,390,538.9307692307692,110.23186670772577,116.0,951.0,299.78205128205127,69.70539607480966,70.0,583.0,183.52564102564102,46.31600608278828,48.0,354.0,132.33076923076922,34.74966632450871,36.0,238.0,101.02307692307693,28.317829497608415,32.0,192.0,60.73076923076923,20.873902904948253,17.0,133.0,382.74220748270864,94.02652489328531,233.90256410256407,914.4174125305126
4,1,4,378,554.9206349206349,120.52415967872808,109.0,1004.0,304.5608465608466,60.25402795662396,77.0,540.0,184.48677248677248,37.88559895397824,50.0,299.0,132.56613756613757,28.72948297411409,38.0,233.0,100.69576719576719,23.84928499518971,30.0,196.0,59.81481481481482,18.455225170038364,18.0,142.0,373.22971553034233,52.252326147035895,232.07738095238088,534.5633593459679
4,1,5,378,588.7619047619048,97.0893410012367,126.0,882.0,320.0291005291005,61.65647019721751,80.0,554.0,192.74338624338625,42.9968040053086,50.0,347.0,138.3941798941799,33.73951991688095,39.0,246.0,105.8994708994709,28.100922610688507,24.0,205.0,64.25132275132275,20.838070847922257,13.0,144.0,363.8761132286899,37.92553187900865,235.8151404151404,502.5932257043368
4,2,1,217,696.3133640552995,134.09692297840994,159.0,1108.0,371.73732718894007,73.97340497467536,110.0,623.0,225.12442396313364,42.414003021619536,73.0,395.0,161.8110599078341,30.114164759346938,53.0,272.0,125.58986175115207,24.49118130536049,42.0,210.0,79.04608294930875,19.108655983732614,25.0,151.0,332.043793424564,33.76709091095047,211.65192774332704,463.1655258245177
4,2,2,216,576.3796296296297,95.01965855008078,230.0,927.0,323.6666666666667,60.83660569585217,147.0,506.0,195.70833333333334,38.208166726887455,110.0,339.0,140.43055555555554,29.09713603805852,89.0,258.0,107.82407407407408,23.452603386919385,69.0,199.0,63.99074074074074,17.340273915117464,32.0,136.0,310.4072067753353,34.05694659501838,199.83711843711842,442.6902590295512
4,2,3,217,596.184331797235,98.01651856289045,175.0,941.0,328.64976958525347,57.54338705669076,120.0,554.0,204.05069124423963,36.59470652437495,77.0,352.0,148.63133640552996,28.019949025208998,51.0,259.0,114.09677419354838,22.924939405307704,40.0,190.0,67.88479262672811,17.40201267766157,21.0,119.0,310.78678060660616,33.96332947170304,217.5943833943834,492.5013876040702
4,2,4,216,597.4398148148148,114.23451385426938,236.0,873.0,334.1388888888889,65.43012364535859,168.0,530.0,208.9398148148148,39.98519503751268,119.0,344.0,150.64814814814815,28.938253170684728,91.0,255.0,114.47685185185185,23.84730401130664,69.0,206.0,68.30555555555556,18.099753596303835,39.0,139.0,312.16979596545195,35.41922689343159,202.79194139194135,427.09716859716855
4,2,5,217,625.0967741935484,113.89729725235541,210.0,957.0,339.4516129032258,64.69644617108523,150.0,562.0,209.06912442396313,41.455542959784154,108.0,357.0,151.00921658986175,30.66167255552765,86.0,262.0,114.75115207373273,24.923529331555933,67.0,214.0,67.93087557603687,18.622116964706013,33.0,143.0,324.13288637757034,41.4656440153542,206.09908496732024,545.4165464165466
4,3,1,400,839.5475,318.338134290804,185.0,3468.0,385.2775,122.08691778298771,119.0,859.0,208.415,61.12824858443108,76.0,429.0,138.485,42.6240516023524,58.0,329.0,98.245,32.247170030872475,44.0,268.0,49.2475,16.55252982930404,21.0,175.0,862.9228743399749,249.42798174193922,443.31237021655284,1723.5178026449644
4,3,2,400,934.0725,417.2810470698975,233.0,3774.0,440.07,180.76038033817034,125.0,1245.0,225.41,80.4237023519808,82.0,593.0,148.2175,49.97504571033428,59.0,413.0,101.24,32.79866460696228,44.0,235.0,50.3775,17.046260403677987,25.0,135.0,1009.1304232846762,276.4858211280077,508.7142359902541,2106.716452742124
4,3,3,400,733.5175,389.68997894961325,205.0,3392.0,357.525,134.80075806537587,129.0,1114.0,205.59,74.54000201234234,83.0,642.0,138.365,43.33303330024336,61.0,390.0,98.9825,27.65062736630039,46.0,245.0,50.94,13.840209535986078,23.0,111.0,852.4026362457465,243.0470956441933,445.1255892255891,1959.2764920828258
4,3,4,400,853.3175,346.2003057389609,242.0,2418.0,403.36,131.23492446753647,162.0,1037.0,224.15,66.98341212568975,109.0,536.0,151.075,40.4867802498544,82.0,329.0,107.6,28.572714256787016,60.0,232.0,54.31,15.595637210450876,27.0,118.0,979.5426702885435,271.96901127361093,437.7119661136603,1936.8080939947781
4,3,5,400,837.535,288.98110452934463,242.0,1920.0,405.2825,128.2672900382245,152.0,917.0,228.9075,70.88288893484803,105.0,501.0,153.05,50.58347062035186,77.0,394.0,108.385,35.69659332485385,55.0,315.0,55.35,18.61148838755246,30.0,164.0,1070.6642881822295,284.2776756879102,572.464183381089,2805.4703632887176
4,4,1,400,864.6575,171.77511517606385,192.0,1552.0,475.9525,81.1718870283918,129.0,737.0,287.0575,46.94570474228713,91.0,440.0,200.99,35.05288718493813,69.0,326.0,149.3975,27.748234065431983,50.0,247.0,84.6775,20.8015262360722,30.0,138.0,363.66341855734476,77.56761382176781,190.71245665510804,674.2263222632226
4,4,2,400,802.6525,161.2452068861273,145.0,1214.0,437.29,87.06767999665549,86.0,749.0,259.7125,48.82483838938948,57.0,386.0,182.9925,35.42996533656221,39.0,276.0,137.54,28.731139900811456,32.0,215.0,81.2175,22.343795419534256,16.0,149.0,343.3468553317689,67.84953266446595,186.09133089133093,649.2836596084696
4,4,3,400,721.5225,143.4675729694693,174.0,1217.0,406.585,72.6618040995405,125.0,607.0,246.8825,43.32815128470173,84.0,364.0,174.59,31.896346185731055,65.0,269.0,130.4325,26.095793602609596,47.0,212.0,75.4175,20.125809145224448,29.0,145.0,357.5549174477551,72.07964888112711,189.6830280830281,575.7927237912877
4,4,4,400,729.24,144.49947197135359,187.0,1313.0,404.6725,64.56353648732386,130.0,595.0,247.0725,38.88961614300146,87.0,362.0,175.82,28.75965229275208,67.0,271.0,132.1525,23.52507691273293,49.0,224.0,77.53,17.607785209957555,30.0,142.0,343.7530652145755,56.096740925809655,188.9265960196434,539.717305625224
4,4,5,400,781.385,146.40492401213834,192.0,1295.0,432.6375,74.59467872274804,133.0,707.0,262.52,46.161993024565135,93.0,442.0,186.6925,33.980846719144594,74.0,315.0,140.4525,26.669978323013314,58.0,236.0,82.685,20.412147731191837,36.0,148.0,364.8211401203091,65.36202099097389,179.1445665445665,589.0517183850517
4,5,1,274,742.5547445255474,207.64153276048728,209.0,1485.0,399.3138686131387,110.49564854693399,144.0,828.0,234.91970802919707,68.70922104673477,101.0,498.0,160.97810218978103,48.53668447127399,74.0,337.0,115.80656934306569,36.01666018467468,63.0,255.0,60.54744525547445,19.22018814058311,35.0,131.0,751.2131011459772,216.15273708318512,424.3521421107627,1829.3196544276452
4,5,2,274,753.4963503649635,222.3166881740882,252.0,1736.0,393.18978102189783,109.6278397727362,173.0,806.0,222.96350364963504,60.376605025786006,115.0,497.0,152.78467153284672,38.64787203991026,91.0,316.0,110.51459854014598,28.737576916445324,67.0,245.0,58.941605839416056,16.128257119516995,34.0,136.0,816.9594000485096,271.01789846463834,363.5546257554625,2153.268733850129
4,5,3,274,921.7992700729927,287.67459287592385,270.0,2000.0,458.6459854014599,123.18060831520883,184.0,867.0,253.28832116788323,68.9325339964151,123.0,512.0,172.72262773722628,48.288175386383074,89.0,366.0,125.15328467153284,35.46127537546737,68.0,279.0,64.71532846715328,19.631625351539395,37.0,164.0,889.4287361450868,262.9752160754818,354.9887942626624,1802.4088176352707
4,5,4,273,877.3186813186813,219.47243833673028,315.0,1634.0,472.4468864468864,131.4083683288951,219.0,1128.0,270.2307692307692,80.03612878192757,150.0,622.0,181.12087912087912,52.03123220241735,106.0,466.0,130.77289377289378,37.77880093453188,77.0,288.0,67.08424908424908,19.72606002769801,33.0,161.0,902.303853670597,256.265575894064,443.50354609929076,2074.7421875
4,5,5,272,976.2683823529412,385.2318792169597,320.0,2324.0,488.51838235294116,174.014894436133,232.0,1195.0,275.8272058823529,97.79534600898162,155.0,811.0,185.88235294117646,56.02114343808708,109.0,580.0,133.71323529411765,34.449004956225494,83.0,298.0,69.94485294117646,17.304174606201336,41.0,137.0,954.2548017609406,275.81357013208947,453.45918367346945,1831.26750448833
4,6,1,400,1193.615,386.31830370175317,403.0,3273.0,647.5525,226.42445151473814,275.0,1422.0,363.8075,133.87016263436,184.0,943.0,243.9225,88.2314654403405,135.0,602.0,175.9325,64.04204044024519,104.0,425.0,93.86,35.31062729547579,53.0,280.0,1513.4665330886885,536.9353785143294,615.0891181988742,3540.710144927537
4,6,2,400,1274.055,517.9863579043371,316.0,2895.0,585.125,203.47844941172517,227.0,1288.0,332.8225,108.54103368657405,161.0,653.0,227.265,76.26096494931073,123.0,501.0,165.95,54.51231512236478,93.0,404.0,87.11,26.459741117403247,55.0,228.0,1553.888062294208,484.9048256436532,748.9680182752714,3806.5377049180333
4,6,3,400,1363.3175,640.8731752022002,319.0,4714.0,705.5175,299.97691526807523,231.0,1858.0,393.305,149.52451964477262,166.0,925.0,263.6825,98.2684165627492,126.0,667.0,185.61,65.55621938458624,98.0,484.0,95.31,31.069983907301918,58.0,270.0,1640.5670888975544,507.43710697744245,659.5209039548025,3585.4247311827953
4,6,4,400,1457.465,812.2289878938082,451.0,4614.0,704.11,326.49253115500204,301.0,1931.0,383.88,151.90245422638833,187.0,1085.0,253.2575,79.30467321507605,144.0,606.0,180.2975,50.887562269674504,111.0,366.0,96.0575,24.09552227593334,61.0,193.0,1864.2069261918607,548.3406331609241,895.6413738019168,3816.0935251798564
4,6,5,400,1350.895,456.48420999526365,606.0,3056.0,719.24,249.03521317275596,370.0,1475.0,398.25,136.30430110601793,232.0,999.0,272.97,90.92012483493409,168.0,607.0,193.465,59.838480721020986,126.0,467.0,102.0325,30.464593280560962,60.0,288.0,1733.3232015645763,552.0078342543745,724.697798532355,4354.31182795699
4,7,1,274,763.456204379562,162.4843841396548,199.0,1249.0,389.3175182481752,77.03817841815118,139.0,609.0,231.56204379562044,42.02386553679963,95.0,359.0,163.64598540145985,29.269741019651185,71.0,255.0,121.91605839416059,22.767234535739053,54.0,198.0,70.73722627737226,16.360790797456634,33.0,138.0,450.57159213356334,65.98025744574797,302.16532356532355,668.8465456860873
4,7,2,275,756.8581818181818,149.68319841452916,179.0,1260.0,389.6909090909091,90.05660295357131,127.0,703.0,226.12,53.616654129104326,86.0,462.0,159.33454545454546,35.419009883917205,66.0,313.0,119.44363636363636,26.94086968722673,49.0,227.0,68.94909090909091,19.32076483266147,31.0,156.0,458.6688533681607,68.52105411610695,294.6417582417583,764.7937841243173
4,7,3,274,693.529197080292,128.47068265100475,244.0,1135.0,360.8138686131387,69.57492173670674,165.0,604.0,218.37591240875912,40.345690578488075,122.0,385.0,156.05474452554745,28.70350437874902,92.0,285.0,117.98540145985402,22.830695626612748,76.0,227.0,67.97810218978103,16.046450435557333,43.0,146.0,431.76655082315824,48.457176770505995,280.7860805860806,606.286413248024
4,7,4,278,724.3309352517986,139.13930644130375,217.0,1540.0,382.2230215827338,87.94578473548657,141.0,890.0,227.60071942446044,52.936254588345605,97.0,574.0,161.13669064748203,36.2264463670716,73.0,340.0,121.70863309352518,29.723994091478882,54.0,278.0,70.44964028776978,21.298562366117878,30.0,191.0,454.36012573576954,93.69879668969715,291.6473748473749,1173.6791758646061
4,7,5,274,706.7189781021898,133.4851390251423,271.0,1128.0,369.72627737226276,76.301277380773,189.0,675.0,227.62043795620437,51.46590273505112,138.0,473.0,164.16058394160584,38.715457139969594,105.0,360.0,124.41605839416059,31.202223001417174,79.0,287.0,72.05474452554745,20.90351303134287,41.0,181.0,450.32347521609813,53.51315292145733,307.64639804639813,664.7856525496975
4,8,1,275,676.7054545454546,138.95279959649062,140.0,1249.0,354.8545454545455,68.26462365658516,92.0,645.0,206.82909090909092,37.437704245500335,61.0,340.0,145.63636363636363,25.824698281341334,47.0,241.0,108.6290909090909,19.18618511256351,35.0,181.0,62.32727272727273,13.52419319785445,19.0,108.0,450.2308140323566,51.610848558800896,295.0442002442002,767.4721845318861
4,8,2,274,724.2810218978102,126.4726299883971,212.0,1094.0,369.04014598540147,68.68016847376343,142.0,600.0,203.58029197080293,37.98639468199965,100.0,329.0,143.66423357664235,27.438126112374743,74.0,251.0,107.63868613138686,21.830738217487394,57.0,201.0,60.894160583941606,14.69618484889527,39.0,130.0,458.9309403311809,65.33460138535949,294.22442002442,735.8589371980675
4,8,3,275,627.7345454545455,109.61220273505022,181.0,1006.0,324.61454545454546,59.33893836774947,119.0,553.0,195.28727272727272,35.32520632144832,81.0,326.0,140.26909090909092,25.87199871203174,58.0,245.0,105.89818181818181,20.006285293368915,44.0,184.0,60.67272727272727,12.997138909572012,25.0,105.0,471.3909789578889,64.62817378550503,312.13137973137975,856.0914702581372
4,8,4,275,619.3890909090909,120.47009990823793,148.0,969.0,332.72,65.72663608392789,96.0,532.0,197.06181818181818,35.45537267100248,66.0,317.0,139.26909090909092,24.266256951707263,49.0,230.0,104.71636363636364,18.86660121278642,34.0,175.0,59.43272727272727,13.004545422770168,20.0,112.0,448.61871336597426,56.758377663431986,315.7593307593307,656.9221879815101
4,8,5,274,594.3321167883212,98.26518525269,212.0,997.0,317.46715328467155,53.9580197857138,145.0,478.0,192.95255474452554,33.49912207214791,103.0,323.0,137.6824817518248,23.27974715106567,79.0,244.0,102.85036496350365,17.248808798763196,62.0,165.0,57.87956204379562,11.05576864112806,36.0,101.0,446.6692426006756,56.26326364423461,327.82941935483865,686.7111692844678
4,9,1,275,741.6618181818181,165.32059816765846,231.0,1740.0,391.08,88.61882090268307,154.0,793.0,225.2109090909091,48.87266450212419,101.0,438.0,154.6690909090909,30.616744513878338,82.0,276.0,111.89090909090909,20.873360775942253,61.0,207.0,59.487272727272725,11.334052545644829,36.0,114.0,697.8816707761214,155.4459801003907,353.276923076923,1655.4999999999998
4,9,2,274,725.6897810218978,164.87556280249993,258.0,1268.0,375.7007299270073,73.67227340105873,163.0,651.0,221.07299270072994,41.082458479177916,119.0,380.0,154.8941605839416,28.0643116134919,93.0,287.0,113.69343065693431,19.882891462313165,69.0,204.0,60.45255474452555,10.40667304368903,41.0,102.0,710.0625402082084,139.4090442418256,391.4043330723049,1177.9436426116836
4,9,3,275,707.829090909091,140.03686485120755,248.0,1165.0,382.75636363636363,71.6493145653603,158.0,659.0,230.31272727272727,43.726634506776946,113.0,402.0,160.5090909090909,28.938349973237138,80.0,282.0,117.95636363636363,21.096443161101515,63.0,210.0,63.64363636363636,12.144744671688075,38.0,123.0,741.9667174955406,166.90201502605674,404.6314277506464,1685.9772209567197
4,9,4,275,733.5890909090909,170.11060110488253,230.0,1326.0,395.8,86.58187927148393,157.0,663.0,236.22545454545454,48.83746780041964,101.0,416.0,165.28,31.869132401118172,81.0,284.0,121.11272727272727,21.6223373940045,61.0,204.0,65.39272727272727,11.763979761743503,39.0,110.0,728.1112650358634,149.39712414765057,420.4411183281558,1467.1661092530662
4,9,5,274,833.6386861313869,239.71107327232224,289.0,1806.0,421.8649635036496,89.17476492512455,189.0,739.0,244.22627737226279,46.559120677465884,131.0,423.0,167.71532846715328,29.390387451123296,102.0,277.0,122.18978102189782,20.543005574994094,78.0,218.0,65.12773722627738,10.176280062073415,43.0,121.0,805.1262341931883,160.65066115061822,385.1117007163704,1398.9175824175827
4,10,1,377,525.6737400530504,129.5708983235744,148.0,951.0,278.7957559681698,69.04051156118489,94.0,492.0,163.74535809018568,38.39131043842426,61.0,314.0,113.19098143236074,26.09665005569927,47.0,234.0,82.88328912466844,19.534154590043222,32.0,173.0,44.212201591511935,10.41869161367171,16.0,99.0,578.0053655262699,141.11964226882628,319.89882772680943,1329.50723025584
4,10,2,379,513.2638522427441,125.67159546635811,194.0,1059.0,272.47757255936676,61.60150598180426,131.0,497.0,161.3377308707124,33.35452683349605,83.0,295.0,111.63588390501319,21.248234567601614,60.0,192.0,81.62796833773088,15.916714595797194,45.0,144.0,43.90501319261214,9.604388354260596,20.0,95.0,596.8364878862064,154.51987126476962,351.72279711508315,1418.7031419284936
4,10,3,377,517.3023872679045,128.98920983651269,215.0,1020.0,275.0132625994695,66.05103993998772,139.0,617.0,163.43501326259948,37.77044505204476,92.0,417.0,113.39257294429709,25.46479856702194,67.0,295.0,82.61273209549071,18.441495339602692,50.0,178.0,45.02917771883289,11.56536939965079,24.0,97.0,587.0285806143868,142.82033393197747,348.6965226554267,1213.7774451097803
4,10,4,383,593.9373368146214,184.47406361446113,204.0,1333.0,300.8328981723238,84.89218020375499,134.0,785.0,175.13315926892952,43.84807050356789,86.0,346.0,120.57963446475196,29.706805804285626,60.0,260.0,86.5822454308094,20.673967894016975,36.0,188.0,45.69451697127937,11.367267662632992,18.0,108.0,675.4130442980704,195.81759633872784,355.75047775047796,1565.2163814180924
4,10,5,376,579.1223404255319,173.11849014061139,244.0,1236.0,298.5744680851064,79.01925288715861,158.0,641.0,176.49734042553192,45.11563150054115,106.0,369.0,123.5372340425532,32.17329566661779,76.0,287.0,90.35106382978724,23.746425239059114,52.0,226.0,48.04255319148936,12.578827951369291,25.0,121.0,656.9400595686914,163.9371613429703,339.2324001087252,1453.1065217391304
4,11,1,375,584.072,228.32847132147145,149.0,1394.0,263.9066666666667,116.43014195454523,90.0,885.0,135.2,56.092732743793704,45.0,386.0,83.488,32.418912011355346,18.0,233.0,56.872,22.218542166397867,13.0,169.0,28.234666666666666,11.298772716047035,3.0,82.0,1336.3182805098047,462.07170719711206,435.6839574029544,3928.1126279863474
4,11,2,375,568.9493333333334,216.53261517122283,170.0,1321.0,263.56,108.50983857082576,101.0,614.0,133.65066666666667,53.83394808317723,53.0,375.0,84.544,33.69348202051351,24.0,267.0,58.269333333333336,24.031079727904217,19.0,194.0,28.594666666666665,11.777763153030753,7.0,91.0,1305.8344300952263,565.1920492359295,469.39813271090367,3895.016483516483
4,11,3,396,515.820707070707,204.09838852249632,161.0,1384.0,243.83838383838383,96.65579427579597,84.0,615.0,127.58080808080808,49.196432031190334,51.0,312.0,83.44949494949495,34.58520403480023,33.0,236.0,57.666666666666664,23.867796655152674,21.0,177.0,28.143939393939394,12.02152903081597,8.0,98.0,1298.9809472227053,517.7117176405047,448.52314971274075,4028.5128205128203
4,11,4,387,665.8217054263566,265.2913794578757,187.0,1511.0,305.40051679586566,117.86515002944759,96.0,740.0,156.61757105943153,61.703328731351185,56.0,382.0,101.03359173126616,41.51873159365515,32.0,301.0,68.15245478036175,26.4772343911232,22.0,201.0,32.76744186046512,12.985886770376064,12.0,86.0,1323.092210744838,497.0209867391231,543.6933457422057,3739.545180722892
4,11,5,385,607.6181818181818,260.296458720952,224.0,1636.0,281.2207792207792,121.69004946852702,116.0,829.0,146.44415584415583,60.59730930014361,49.0,396.0,95.66493506493507,39.17558796659281,35.0,291.0,65.03116883116883,25.33523935508185,26.0,204.0,31.844155844155843,12.216940479392184,13.0,79.0,1267.4068272849954,455.23394549416474,484.96320429283253,3257.7139303482586
4,12,1,217,658.3963133640553,143.84316723641155,192.0,1251.0,346.0967741935484,62.84092152543278,131.0,597.0,211.2442396313364,38.615083565877725,91.0,375.0,151.8479262672811,27.44025613929205,78.0,254.0,115.11059907834101,21.589524856097988,58.0,198.0,68.53917050691244,16.98493735660493,27.0,122.0,340.26996268993696,54.736695110405414,240.90208498284505,761.2810975609757
4,12,2,217,575.9216589861751,97.58181414867886,136.0,898.0,308.815668202765,47.7708926825441,93.0,437.0,191.0921658986175,31.625848137624555,64.0,285.0,137.91705069124424,23.278370225035857,47.0,220.0,105.14746543778801,18.537952241267014,38.0,181.0,61.56221198156682,14.179463656188961,22.0,108.0,331.3255394683011,38.22335194506693,233.09401709401712,489.2996254681648
4,12,3,216,589.2546296296297,106.89465642004339,196.0,950.0,321.81944444444446,61.026783674197375,132.0,504.0,198.97222222222223,38.529680318322114,93.0,350.0,143.34259259259258,29.07227966861759,70.0,259.0,108.9074074074074,23.018928216609623,56.0,199.0,62.26851851851852,15.38524213598832,35.0,123.0,332.14270929891563,39.55483720366354,249.25567765567763,518.9706720977598
4,12,4,217,602.2903225806451,112.68598982420538,151.0,975.0,330.258064516129,66.90641198657642,94.0,596.0,201.1290322580645,39.92806822001747,66.0,352.0,144.79723502304148,28.935736705920405,43.0,245.0,109.53456221198157,23.073314406724652,37.0,190.0,63.07373271889401,16.1451966400559,21.0,124.0,330.8378150910406,39.13476359556315,237.18021978021977,619.6153846153845
4,12,5,216,643.7870370370371,135.6434290039941,220.0,1093.0,339.087962962963,70.81010497253094,150.0,599.0,206.63888888888889,41.603387133593515,108.0,381.0,147.55092592592592,28.82124343633937,83.0,273.0,110.68518518518519,22.57196234767739,66.0,223.0,63.726851851851855,16.425319809060156,37.0,157.0,350.6923303490038,41.75557192753215,227.40952380952385,485.93147362037604
